gene1	gene2	gene3	gene4	gene5	gene6	gene7	gene8	gene9	gene10	gene11	gene12	gene13	gene14	gene15	gene16	gene17	gene18	gene19	gene20	gene21	gene22	gene23	gene24	gene25	gene26	gene27	gene28	gene29	gene30	gene31	gene32	gene33	gene34	gene35	gene36	gene37	gene38	gene39	gene40	gene41	gene42	gene43	gene44	gene45	gene46	gene47	gene48	gene49	gene50	gene51	gene52	gene53	gene54	gene55	gene56	gene57	gene58	gene59	gene60	gene61	gene62	gene63	gene64	gene65	gene66	gene67	gene68	gene69	gene70	gene71	gene72	gene73	gene74	gene75	gene76	gene77	gene78	gene79	gene80	gene81	gene82	gene83	gene84	gene85	gene86	gene87	gene88	gene89	gene90	gene91	gene92	gene93	gene94	gene95	gene96	gene97	gene98	gene99	gene100
normal_spot1	38	91	28	65	191	106	46	109	36	129	63	135	92	41	46	25	114	94	124	114	112	51	63	129	46	35	111	152	60	104	52	63	49	46	32	97	61	75	58	47	36	172	74	39	36	53	80	99	51	73	67	46	32	54	49	106	159	23	27	133	49	107	28	140	78	20	114	98	84	129	39	120	49	92	40	17	98	45	135	125	26	50	96	134	176	114	54	28	27	22	138	278	71	35	215	220	59	131	46	11
normal_spot2	47	103	31	47	210	84	41	108	36	146	46	139	118	31	53	36	140	47	100	83	87	51	56	127	50	46	71	126	52	54	51	49	42	23	63	120	84	70	56	21	51	132	74	40	44	40	81	104	22	96	58	22	43	61	47	77	99	17	16	93	44	81	38	102	72	31	80	109	97	106	51	101	48	78	33	32	68	80	77	138	47	48	120	147	145	128	47	27	52	18	70	327	47	31	187	165	69	153	69	12
normal_spot3	80	119	33	88	226	112	89	103	46	98	82	164	114	51	80	29	131	83	126	100	104	52	71	138	45	47	110	160	40	131	64	74	61	58	44	113	83	92	71	48	40	176	82	57	43	36	63	111	40	125	63	41	43	63	25	61	154	24	21	106	53	91	34	144	105	30	90	143	141	124	37	103	65	116	46	23	110	43	100	173	30	83	120	128	144	115	59	37	46	22	114	322	74	35	339	255	54	156	54	23
normal_spot4	57	104	38	61	234	67	32	76	51	104	45	126	123	41	85	41	95	71	92	97	69	34	81	145	43	33	134	132	40	114	36	55	24	40	62	140	108	65	53	53	91	139	86	48	58	36	62	96	37	73	62	49	49	55	28	124	132	26	14	106	37	80	33	139	82	19	111	89	81	130	57	94	39	101	53	35	74	38	77	133	33	87	125	129	154	128	53	26	40	17	97	322	72	21	213	219	96	160	53	22
normal_spot5	63	90	38	79	214	103	61	84	54	131	63	136	125	33	102	28	94	86	106	87	110	44	73	114	51	51	70	132	30	99	47	58	55	57	59	175	97	85	53	40	53	150	77	66	43	55	75	83	49	100	64	53	48	58	43	109	116	23	28	88	62	81	35	176	79	28	91	125	118	116	49	130	42	104	46	32	107	60	107	184	37	78	94	135	137	109	64	40	49	18	119	393	69	36	263	222	62	173	62	11
normal_spot6	36	114	34	71	185	97	58	80	56	118	59	124	103	34	77	48	115	60	94	115	88	49	61	183	51	38	118	147	49	151	56	82	49	39	51	95	58	60	66	44	59	156	55	57	54	40	58	114	24	102	74	60	45	79	27	78	134	24	25	140	65	132	34	136	105	35	98	88	110	115	38	97	56	90	45	29	96	71	81	149	32	83	108	124	205	129	59	24	28	17	86	302	79	38	301	225	58	167	35	14
normal_spot7	67	175	48	71	272	103	62	86	55	118	99	106	108	49	83	52	133	87	105	114	110	56	56	138	45	43	107	179	53	141	49	87	70	58	39	104	77	80	64	48	65	195	96	47	40	30	89	90	51	119	69	46	56	78	28	78	113	11	13	120	54	136	35	149	103	28	119	98	138	134	60	101	67	113	65	21	97	60	120	143	51	97	137	135	148	129	72	35	56	25	99	299	70	34	239	210	78	168	47	33
normal_spot8	53	160	47	77	265	69	65	112	49	157	105	168	124	38	67	50	164	65	94	103	111	30	64	144	55	29	133	122	44	108	47	72	48	49	49	100	76	73	66	37	76	175	88	44	52	61	74	117	39	123	75	55	45	80	16	102	133	25	16	155	45	107	45	117	74	32	62	120	122	144	48	61	54	100	59	32	84	43	116	143	49	71	107	127	143	140	60	63	52	18	129	374	54	48	233	192	83	136	40	18
normal_spot9	68	120	43	77	187	76	48	91	44	124	47	137	110	31	70	39	108	107	125	87	124	76	50	143	44	42	142	173	40	110	54	67	43	47	63	110	80	72	87	45	47	138	70	72	60	44	79	106	39	153	53	48	45	73	26	98	141	19	25	87	58	84	28	164	75	26	105	135	172	127	50	134	86	131	80	38	136	55	91	161	47	73	129	110	135	120	62	28	48	30	97	314	64	31	227	182	149	153	68	15
normal_spot10	48	89	42	71	177	136	63	111	54	117	72	121	129	43	117	38	113	70	82	86	99	79	74	122	67	42	115	168	28	124	55	59	37	38	50	153	92	93	56	51	72	180	102	46	74	37	56	153	37	121	59	51	52	66	53	119	140	25	16	81	60	123	25	120	84	19	130	105	144	126	59	184	56	113	54	25	127	61	97	123	46	73	115	144	149	136	91	26	39	24	109	295	57	44	262	218	97	184	70	17
normal_spot11	41	92	50	70	231	100	50	92	42	150	107	129	100	36	76	28	133	82	101	64	115	48	67	91	27	43	107	173	58	116	54	73	51	46	42	98	51	68	49	37	26	152	81	48	45	41	127	111	34	116	56	35	52	95	51	100	128	27	18	86	64	106	34	170	94	40	122	119	92	116	49	104	63	93	50	18	80	88	116	192	60	52	101	147	110	140	69	23	51	37	124	327	44	39	274	239	31	136	58	16
normal_spot12	51	132	28	73	211	72	62	92	57	114	77	104	91	43	92	41	102	81	87	110	98	36	61	119	70	50	84	156	44	110	45	53	58	33	51	136	74	99	43	38	49	208	86	54	47	32	63	117	39	72	53	28	51	60	24	89	113	21	21	95	50	103	28	175	83	20	116	125	108	122	48	70	56	96	56	19	65	50	112	107	45	61	118	157	149	151	50	29	48	23	104	347	62	45	184	222	51	184	42	24
normal_spot13	66	168	32	83	261	84	56	117	55	114	70	135	133	52	76	59	127	61	106	137	86	55	63	165	51	34	129	156	26	121	54	81	51	37	52	159	57	95	76	49	54	161	104	51	62	59	87	117	45	86	65	59	55	98	32	110	135	20	25	150	55	100	36	166	112	23	106	157	104	147	68	95	55	108	44	14	83	73	110	186	70	92	95	128	184	145	82	33	49	10	99	379	64	49	231	219	100	138	58	29
normal_spot14	27	103	18	51	202	115	36	67	56	123	107	104	96	44	102	39	94	106	83	78	110	39	62	113	51	44	88	133	49	100	62	41	32	46	38	119	106	89	50	45	50	117	84	52	46	34	70	134	41	104	62	44	38	57	21	72	99	19	24	91	56	69	24	146	91	32	83	128	101	116	45	89	61	110	39	32	123	78	108	159	41	54	94	146	126	133	60	23	47	20	123	305	81	38	238	260	48	160	46	12
normal_spot15	39	144	26	56	218	89	50	123	64	126	68	130	109	29	102	25	152	90	83	147	93	25	48	141	42	42	102	133	48	108	60	50	39	47	55	126	77	98	50	30	65	176	91	71	48	48	89	126	28	95	60	39	45	55	51	75	136	24	12	109	38	87	23	193	101	21	103	123	99	135	82	91	64	104	71	25	116	49	79	128	42	72	151	176	174	127	51	30	52	7	104	354	69	41	221	246	70	125	32	33
normal_spot16	39	140	23	96	207	89	43	78	41	104	80	126	108	52	76	35	158	112	93	84	93	42	67	156	55	48	122	144	38	116	54	65	55	55	49	111	75	94	63	26	34	192	87	65	35	56	107	130	37	143	79	35	53	56	46	86	140	30	26	90	55	103	12	137	98	24	131	141	114	102	51	101	59	111	59	30	92	40	80	144	26	55	107	135	177	144	63	53	45	29	108	322	58	28	215	223	40	130	55	13
normal_spot17	58	115	48	69	231	144	46	84	58	113	89	120	122	33	78	30	88	84	135	71	98	59	88	123	60	44	129	154	38	109	63	61	46	42	44	114	74	85	53	54	45	167	73	73	42	49	99	118	38	108	70	41	58	78	25	88	149	16	25	95	73	123	39	152	100	29	127	151	88	139	65	140	82	86	36	39	93	61	129	151	43	71	155	144	142	166	78	30	64	19	97	396	87	52	278	206	75	154	65	18
normal_spot18	60	107	39	109	184	90	51	107	37	114	75	163	125	44	102	34	146	96	87	132	93	30	51	137	49	35	67	176	51	91	49	60	41	14	42	195	87	100	48	47	73	89	95	46	48	45	90	175	37	98	72	34	42	75	21	95	131	29	25	77	49	89	22	228	149	23	82	114	136	126	61	118	44	106	54	14	94	41	118	175	43	73	110	171	140	117	63	40	54	19	97	319	66	49	284	203	68	155	42	20
normal_spot19	47	133	39	53	273	108	40	89	40	134	78	159	155	63	90	62	118	100	105	125	124	40	49	167	50	49	144	143	43	127	56	37	47	44	70	139	46	88	54	39	45	202	84	49	48	42	84	115	50	99	71	43	64	50	48	118	159	20	42	86	60	113	22	165	77	35	112	144	119	128	43	133	49	106	57	32	58	68	109	147	41	77	104	118	170	173	46	33	57	19	121	331	61	46	234	229	82	157	51	10
normal_spot20	35	129	32	59	244	98	53	73	47	120	93	135	80	55	62	36	129	72	95	105	100	41	64	108	41	23	133	182	48	84	43	44	37	21	66	129	96	82	60	44	69	135	89	58	41	51	92	109	36	117	78	61	40	57	31	139	130	20	20	88	45	89	30	121	97	33	104	141	115	146	55	146	52	79	45	36	95	50	121	163	38	66	112	167	116	154	46	22	39	17	73	362	67	28	275	200	65	135	44	11
normal_spot21	39	123	39	55	193	79	38	95	49	105	68	122	91	29	63	23	118	71	88	83	72	44	73	127	32	29	59	171	23	67	59	59	54	43	41	103	77	72	59	32	65	143	77	57	52	43	77	99	29	107	71	40	42	59	25	95	112	29	9	132	43	79	26	133	127	20	102	80	91	131	42	109	73	83	44	18	73	46	91	129	45	42	92	141	144	112	36	35	51	21	96	333	51	18	263	182	51	140	87	9
normal_spot22	62	109	30	87	196	53	56	100	53	116	75	113	96	52	55	42	120	54	90	80	107	31	72	112	59	38	122	121	40	92	40	81	57	44	26	104	71	87	42	48	46	129	71	55	58	49	62	91	38	105	73	42	49	46	45	103	120	17	22	102	69	121	16	130	77	32	89	200	71	112	70	88	41	83	66	25	99	39	102	151	32	72	125	144	175	98	60	46	50	18	89	364	68	52	195	198	54	176	39	23
normal_spot23	66	136	44	74	305	39	51	84	55	124	70	162	134	49	70	44	120	67	113	74	120	56	46	109	43	48	73	185	44	104	64	55	53	46	38	136	55	111	59	57	46	209	97	75	41	58	76	98	36	129	67	52	32	38	38	116	125	23	19	94	58	84	26	168	71	32	101	127	95	113	47	93	62	89	51	30	78	62	106	186	26	54	110	121	182	119	38	40	49	13	122	329	54	56	247	201	48	131	61	14
normal_spot24	46	94	23	101	220	75	63	88	54	130	34	154	100	34	104	30	110	68	95	125	87	47	62	153	54	37	104	141	37	73	43	76	34	38	37	80	51	108	55	35	68	133	71	41	53	38	75	111	24	110	50	26	34	84	24	68	120	27	29	99	73	87	52	152	85	39	97	138	128	96	53	83	81	93	38	36	97	50	81	169	40	62	90	125	159	135	59	22	60	11	100	299	73	40	197	179	52	124	68	22
normal_spot25	53	116	34	51	162	80	42	72	42	129	104	132	91	39	59	51	93	48	105	77	93	39	67	122	45	31	111	128	38	127	47	54	48	50	46	136	38	82	59	39	40	155	85	81	32	49	79	80	50	120	53	29	33	71	21	99	129	19	29	118	68	107	27	110	79	22	106	138	118	129	37	97	38	86	66	29	75	55	92	164	44	60	116	129	99	103	45	20	48	16	102	294	75	22	221	214	62	132	40	21
normal_spot26	60	144	49	87	231	112	51	102	51	112	116	148	145	52	65	34	122	83	107	137	139	51	85	129	52	48	104	174	54	99	60	46	47	50	50	114	81	104	39	30	63	196	137	74	47	58	88	131	44	134	91	49	63	72	33	112	142	28	17	109	47	117	39	190	140	47	103	112	136	140	61	123	50	144	55	38	93	73	120	168	59	85	103	194	138	125	65	36	59	17	116	407	64	54	252	228	93	142	41	15
normal_spot27	49	140	41	55	293	61	60	87	61	121	71	156	121	42	73	38	103	85	120	111	91	36	62	128	52	38	92	129	52	69	55	53	59	40	61	109	54	76	56	34	50	180	69	70	40	41	58	121	36	69	67	44	56	64	36	102	142	18	12	139	62	85	28	137	107	29	92	121	91	121	55	74	67	126	28	17	58	52	108	122	31	59	98	135	134	117	49	41	55	17	94	312	56	51	255	253	71	157	53	14
normal_spot28	54	127	31	80	252	100	46	123	50	124	101	153	142	36	83	48	167	93	105	115	121	46	80	101	53	44	70	178	41	80	60	74	49	59	67	100	83	82	51	47	75	199	99	39	55	49	82	117	55	130	42	59	43	109	31	122	129	26	23	135	48	100	26	198	64	42	104	107	105	156	45	121	65	137	59	24	120	66	122	163	58	78	86	135	188	126	70	35	48	17	129	361	92	57	245	204	70	184	55	17
normal_spot29	47	113	59	84	219	84	40	96	76	139	74	151	105	60	95	44	108	101	128	111	130	38	70	138	68	49	129	171	41	137	58	65	40	55	83	193	111	99	51	64	54	194	102	54	49	45	101	128	51	92	76	51	51	49	31	130	119	21	18	87	66	108	34	159	98	28	106	124	64	154	63	112	46	139	55	23	107	69	112	150	35	85	119	177	149	157	63	25	46	27	99	340	60	49	283	238	61	186	48	25
normal_spot30	87	145	50	85	220	92	64	115	49	167	62	144	165	40	104	48	139	71	125	111	154	53	71	108	64	42	76	159	47	118	52	77	52	51	50	125	92	77	37	50	74	179	77	82	39	73	75	154	47	151	48	37	44	94	43	103	137	23	17	111	74	92	24	175	95	42	109	154	133	146	55	119	67	110	94	32	123	53	141	141	50	64	102	155	158	105	66	49	84	20	98	420	68	45	312	263	71	188	77	29
normal_spot31	66	153	24	57	235	78	49	93	47	155	68	96	113	51	76	44	119	64	144	118	107	57	47	141	44	45	122	183	48	97	46	78	54	46	63	140	73	97	47	42	40	173	83	61	41	68	54	86	35	95	56	45	57	71	40	116	117	21	20	96	68	121	45	127	114	29	94	137	92	110	69	93	58	118	64	35	65	54	129	155	35	104	169	110	130	129	76	32	55	31	96	362	85	39	259	242	122	194	47	32
normal_spot32	68	118	32	79	220	97	47	122	68	117	80	145	114	30	75	26	117	71	96	112	102	52	69	152	50	36	83	153	47	96	67	53	51	37	23	138	82	93	39	55	62	205	81	53	35	38	59	87	41	148	62	34	38	51	45	121	158	22	19	123	46	113	29	136	98	35	90	119	95	119	43	66	66	90	57	28	91	65	120	136	33	95	113	137	129	122	80	33	44	27	114	326	89	44	224	216	63	157	40	15
normal_spot33	45	166	30	80	237	75	56	83	42	139	29	119	98	48	48	32	130	66	111	102	106	44	54	119	63	62	68	116	51	93	50	56	36	63	38	145	47	62	25	37	54	183	89	49	42	40	59	108	28	90	53	37	55	90	39	122	106	15	16	85	71	108	35	145	78	30	86	112	98	112	69	41	48	92	39	39	47	62	103	142	38	62	111	142	125	144	33	38	40	20	87	319	50	44	185	188	73	140	37	10
normal_spot34	53	106	32	82	194	124	44	76	48	121	103	152	89	43	78	26	97	58	80	111	108	38	50	107	46	40	144	169	42	126	58	73	47	65	41	143	82	81	53	57	54	135	73	68	36	49	78	105	27	122	59	56	49	88	29	82	118	30	19	80	64	87	26	174	97	30	88	131	98	99	46	97	34	78	42	29	107	55	99	167	49	93	121	133	169	186	89	29	60	25	104	388	103	56	241	213	63	166	58	22
normal_spot35	58	160	42	61	233	92	37	123	75	117	100	184	105	42	98	37	158	52	133	148	115	25	64	134	67	60	130	160	49	120	42	82	48	52	58	168	105	94	62	56	67	207	76	60	55	41	91	115	40	90	67	46	47	56	36	105	149	24	23	100	56	123	30	158	114	32	130	122	127	116	59	117	59	89	55	17	115	78	101	188	39	83	147	159	182	109	42	29	56	26	146	405	71	40	304	218	51	181	62	17
normal_spot36	38	111	44	69	189	125	44	118	41	121	75	143	121	59	55	24	97	59	112	106	124	33	59	126	47	60	87	151	39	127	54	58	35	58	47	160	92	86	45	34	54	148	52	53	46	48	81	111	25	106	87	45	28	83	24	114	119	24	21	132	58	91	37	142	115	41	124	116	71	126	57	168	58	104	48	37	94	64	133	134	36	96	75	134	122	130	77	22	48	25	125	420	51	44	270	241	77	170	66	16
normal_spot37	44	137	44	78	223	112	62	117	50	138	89	134	102	36	47	48	129	72	153	108	102	43	79	118	49	28	83	156	45	105	56	70	36	49	33	87	77	123	33	54	82	229	93	52	65	62	93	133	46	128	58	46	38	62	33	132	123	17	16	108	48	122	44	189	140	30	109	120	113	131	62	92	76	96	62	25	131	42	101	233	61	73	109	106	151	107	83	41	49	13	118	316	69	60	268	261	95	168	77	19
normal_spot38	36	120	28	48	162	103	34	97	45	135	46	104	103	31	91	26	119	91	74	154	101	29	69	99	49	21	120	120	43	103	39	61	40	30	53	94	56	86	50	32	49	145	71	52	58	33	44	134	56	79	62	43	44	53	35	100	97	34	19	89	65	91	32	192	73	23	90	108	103	136	59	85	53	80	78	31	102	42	89	152	24	75	102	132	140	129	50	36	57	14	91	288	67	37	204	225	85	163	42	13
normal_spot39	54	94	38	76	206	94	42	94	65	138	69	177	93	44	52	35	145	70	131	97	134	59	38	148	48	62	112	119	41	63	46	58	49	47	55	113	80	79	71	28	38	169	89	73	41	57	71	118	34	124	61	41	45	77	33	71	139	20	23	73	50	69	27	110	98	28	75	90	78	131	50	89	76	112	56	25	94	57	145	129	35	74	97	142	153	155	40	30	49	19	101	342	88	34	267	217	83	174	35	13
normal_spot40	82	116	38	34	304	111	42	100	45	119	82	123	141	45	79	52	122	48	113	157	112	46	68	131	34	55	62	164	40	81	33	50	61	52	40	97	80	106	42	49	53	157	72	49	45	46	75	158	34	99	55	35	50	89	47	132	124	26	28	73	67	119	23	169	67	36	101	140	133	140	57	93	44	105	53	41	69	40	109	157	32	54	155	134	162	140	61	28	58	23	125	322	62	52	270	263	92	197	31	15
normal_spot41	54	118	40	58	206	82	53	84	19	149	55	116	103	52	74	28	108	100	90	113	108	49	78	132	45	46	95	115	50	124	53	63	50	55	53	108	88	80	37	50	63	185	81	77	44	50	76	128	61	108	39	39	28	60	41	104	131	10	25	107	48	79	24	109	79	35	79	115	176	127	53	87	52	105	40	20	83	65	85	122	38	68	99	115	184	97	64	24	36	20	115	257	74	40	230	220	65	125	56	26
normal_spot42	54	100	28	61	172	92	49	74	66	93	70	83	79	54	66	46	96	59	93	113	106	37	53	127	44	42	115	96	49	127	38	78	50	35	48	108	67	83	59	29	47	147	86	50	45	44	69	104	20	54	69	58	37	58	36	109	119	14	16	86	39	77	40	134	115	35	76	138	128	111	55	119	48	102	47	18	88	75	98	104	56	76	71	93	133	91	74	20	55	15	78	358	52	24	230	226	60	129	39	16
normal_spot43	36	117	44	69	234	110	62	91	43	97	101	131	97	43	57	35	115	57	125	132	94	52	67	142	59	42	122	131	39	108	42	62	35	59	24	86	77	76	50	56	52	161	76	47	56	46	79	106	45	97	54	34	44	70	41	97	116	29	25	97	45	111	35	136	64	21	64	94	86	113	50	130	57	83	33	29	96	67	71	131	32	75	158	137	164	136	28	22	49	28	88	298	69	32	215	211	60	123	46	10
normal_spot44	58	119	34	100	220	79	68	73	35	113	67	146	106	39	85	38	139	69	99	79	105	27	71	112	33	47	122	125	38	103	57	58	60	56	34	134	66	81	95	47	56	161	85	82	45	44	95	120	43	125	73	36	52	47	27	89	149	22	44	109	66	83	33	207	88	39	101	75	70	119	52	85	53	104	64	22	127	73	98	154	46	67	51	117	147	130	54	26	36	11	98	336	86	49	261	258	77	138	42	23
normal_spot45	40	86	34	52	213	77	45	112	37	107	37	125	90	38	54	29	129	50	89	106	88	35	65	83	42	46	68	136	28	81	43	56	53	37	38	118	67	45	42	37	49	127	88	61	40	53	59	85	50	107	58	47	37	51	39	138	115	15	17	104	63	87	23	112	88	25	75	90	68	118	57	62	62	87	43	17	97	54	87	130	36	63	85	128	102	104	58	30	35	24	71	274	55	21	225	233	67	111	62	25
normal_spot46	44	114	34	48	208	109	57	102	58	140	64	159	107	40	91	41	126	63	112	128	87	48	67	97	69	48	99	121	52	75	41	55	54	47	51	129	59	96	59	38	40	172	65	53	58	21	65	134	42	99	62	64	58	41	24	111	125	33	17	90	64	110	31	142	65	23	95	173	101	152	89	93	47	112	50	39	95	85	104	144	42	84	77	150	137	108	51	37	41	24	96	301	65	19	264	236	60	183	55	23
normal_spot47	52	139	42	52	210	81	62	86	43	190	89	103	104	49	68	42	105	70	104	128	97	45	78	90	42	23	91	193	32	135	75	76	38	22	60	131	104	70	64	45	76	135	92	69	44	29	43	94	35	107	61	44	42	76	11	103	81	29	34	68	55	117	18	153	112	26	100	130	83	137	37	129	39	76	63	18	92	58	108	134	40	93	126	143	149	157	42	14	55	21	105	276	90	40	281	243	59	175	52	17
normal_spot48	59	111	42	60	209	74	47	101	34	134	95	155	102	37	81	32	124	88	80	106	109	49	82	119	61	45	49	143	56	93	36	73	47	64	53	114	55	68	49	42	43	135	93	49	52	44	93	110	41	99	68	40	58	61	50	114	143	29	23	160	45	100	27	169	54	17	85	94	127	100	35	100	52	110	45	31	95	45	129	160	37	28	124	114	157	91	55	35	35	24	116	293	60	40	245	218	86	145	26	15
normal_spot49	64	115	45	81	316	98	60	125	46	161	92	154	121	77	95	63	181	72	81	140	138	66	80	183	81	41	133	150	40	94	46	87	53	49	64	167	83	92	68	31	71	170	108	66	34	62	110	99	41	145	76	46	56	58	36	110	148	15	20	132	60	81	42	178	121	31	125	193	139	160	62	196	70	135	78	49	133	63	95	142	34	96	119	174	174	90	106	27	46	21	105	399	70	43	291	265	89	162	76	35
normal_spot50	63	88	33	71	312	109	42	123	71	123	93	133	118	41	53	35	77	76	125	88	93	53	55	168	60	55	134	153	46	129	60	61	40	47	60	142	77	58	62	53	53	162	99	50	39	43	74	135	37	104	60	53	48	71	42	113	149	31	26	135	63	94	41	149	68	23	85	109	101	102	45	104	41	83	32	34	81	66	124	148	39	69	123	121	121	151	75	20	56	18	107	355	42	45	268	222	56	177	55	22
normal_spot51	38	144	30	92	214	113	53	113	48	127	96	176	122	49	96	40	167	106	124	99	146	32	68	179	39	58	144	162	39	117	61	56	59	45	50	144	92	96	65	45	91	168	87	78	47	65	119	92	47	89	62	38	42	52	43	82	177	10	22	117	42	106	28	155	88	23	119	118	145	140	53	100	88	100	51	26	126	69	125	178	40	86	102	162	154	105	80	35	41	20	132	398	86	29	269	270	79	177	57	21
normal_spot52	57	101	52	93	244	84	41	100	43	157	57	124	107	43	63	36	103	77	109	87	106	55	47	105	51	43	94	143	51	105	72	60	44	41	29	125	52	51	56	45	57	170	70	72	36	35	82	130	37	104	59	44	38	67	26	112	157	17	24	106	84	94	30	141	129	23	67	113	105	117	55	75	53	76	43	18	67	77	102	154	20	53	127	163	180	149	53	21	52	10	86	269	67	39	264	191	52	112	41	18
normal_spot53	38	146	47	64	201	108	39	87	53	143	34	167	97	40	76	27	88	74	95	119	83	50	52	133	52	25	156	168	37	135	52	71	61	38	71	99	61	69	48	43	53	148	72	93	56	53	64	115	41	88	66	48	43	46	32	86	128	17	17	130	61	109	28	136	71	30	85	122	152	137	65	95	70	91	84	41	92	75	59	152	29	68	155	132	155	195	53	40	50	19	98	347	80	38	205	277	82	167	30	18
normal_spot54	36	105	39	65	244	134	75	80	52	117	77	132	116	34	72	47	150	73	107	148	133	49	48	129	54	57	121	129	54	95	51	83	57	60	59	93	41	95	58	58	61	192	83	62	39	53	113	86	56	123	58	43	39	53	39	86	166	36	18	92	56	113	39	157	96	45	98	137	121	137	40	113	63	102	89	32	109	63	164	196	44	55	100	139	156	181	75	33	55	28	128	373	102	37	312	259	71	137	62	21
normal_spot55	92	141	37	93	231	89	45	110	57	105	48	144	120	53	77	31	129	68	91	127	104	54	76	97	54	34	121	148	49	124	62	75	39	33	46	129	88	56	69	35	63	200	91	45	51	34	56	115	45	87	79	42	51	73	30	96	116	21	17	97	61	77	23	156	89	33	113	114	80	100	54	95	37	133	66	25	113	50	110	179	46	96	105	129	127	98	70	34	48	20	99	293	52	60	264	225	91	160	41	23
normal_spot56	61	130	39	62	210	129	41	84	68	147	73	160	105	51	70	28	122	66	87	82	116	50	73	133	69	48	121	151	39	122	68	67	66	22	47	160	74	91	62	33	56	226	97	60	40	45	63	137	48	92	77	58	63	69	16	88	119	34	17	115	59	148	32	154	121	42	110	99	91	143	72	129	55	93	51	36	118	78	110	149	45	100	144	140	176	140	69	33	44	16	116	326	78	42	278	215	71	153	37	20
normal_spot57	65	123	43	55	214	54	43	91	32	109	72	102	137	33	62	30	97	58	114	147	103	29	84	91	42	37	128	105	39	87	41	59	65	36	55	56	85	89	81	49	51	148	66	49	51	43	67	79	28	102	49	42	39	52	25	84	129	18	17	74	63	77	18	144	64	28	101	121	98	113	55	115	48	112	40	34	93	50	80	139	37	49	122	113	164	127	50	41	49	26	106	350	79	46	193	236	66	168	41	11
normal_spot58	43	95	35	79	225	87	54	86	59	106	108	121	106	31	69	41	124	78	92	113	86	76	71	139	63	43	109	163	41	143	48	85	44	48	26	129	41	66	51	39	66	155	69	63	48	55	100	114	30	95	65	33	54	70	23	114	99	18	22	122	53	91	22	110	124	25	99	135	112	123	48	103	47	101	89	34	74	67	128	175	55	75	152	139	107	126	65	17	48	9	95	365	50	35	256	225	61	215	47	15
normal_spot59	58	151	54	81	240	88	52	100	53	98	82	165	165	42	90	42	142	70	100	121	103	62	67	141	45	33	154	128	47	132	50	73	75	41	40	86	98	86	63	52	66	156	90	89	74	36	89	165	42	103	121	61	50	78	30	114	121	33	26	129	51	131	57	145	66	34	117	161	85	119	67	175	66	102	65	33	101	77	102	138	40	53	96	157	162	139	71	30	54	22	116	317	82	53	287	283	86	190	69	13
normal_spot60	48	113	53	95	282	77	34	132	56	104	116	156	97	29	80	41	139	61	110	84	139	33	54	94	62	48	98	159	44	127	71	61	41	29	51	152	67	86	30	29	54	145	91	67	35	65	90	120	33	104	45	35	28	61	31	79	124	13	25	134	49	95	27	145	111	38	123	130	133	121	60	75	49	97	49	33	84	45	99	114	32	92	113	133	140	95	85	24	62	20	114	342	68	31	215	197	64	153	53	15
normal_spot61	38	125	35	62	261	75	52	113	48	160	61	145	115	38	92	34	107	78	121	112	106	52	77	103	57	44	115	112	32	87	75	64	39	56	43	158	56	63	70	38	53	151	92	53	53	39	59	75	41	83	39	41	37	85	17	92	110	19	22	136	62	99	23	107	95	47	112	150	106	114	46	46	54	117	65	29	132	67	100	184	23	56	112	121	159	120	64	32	45	21	105	351	65	61	262	234	69	175	43	15
normal_spot62	52	108	52	91	192	88	59	88	49	149	60	130	114	58	84	40	82	63	117	99	85	38	74	113	37	29	146	175	43	109	41	65	40	47	32	149	99	86	45	36	76	125	93	69	39	38	47	113	37	90	34	34	38	63	22	68	133	12	29	99	66	73	27	132	115	37	101	107	126	156	69	126	50	99	49	25	72	72	118	135	65	70	116	125	141	109	56	33	46	21	112	318	74	27	238	183	64	145	52	10
normal_spot63	41	137	48	62	218	110	55	108	75	117	94	139	129	38	109	29	118	110	101	122	109	44	55	131	58	46	109	112	50	113	59	84	51	66	61	143	97	79	85	37	62	193	87	69	53	50	78	116	46	117	74	78	52	56	62	93	134	29	21	109	50	105	44	193	90	45	111	150	123	142	67	128	54	125	36	47	102	62	116	129	34	66	134	166	177	157	67	22	56	24	102	407	62	32	290	261	84	187	65	28
normal_spot64	70	145	39	76	254	98	51	54	44	139	60	120	118	36	67	56	128	56	108	149	103	46	75	141	46	32	98	129	42	89	46	94	46	47	64	170	80	62	40	24	66	154	87	82	46	54	91	109	34	148	70	61	43	77	29	129	165	26	27	77	58	98	29	119	124	33	88	141	126	118	69	111	65	103	52	35	88	70	117	194	44	83	103	131	128	120	64	37	38	17	93	317	89	47	242	231	97	143	38	12
normal_spot65	34	120	33	71	207	89	58	111	64	129	69	121	106	36	72	46	130	71	98	136	131	45	74	123	33	43	96	138	29	136	64	79	70	48	40	156	51	92	37	44	40	181	90	67	48	33	56	96	44	117	65	32	53	72	43	86	138	24	16	108	46	94	39	155	88	36	90	127	74	104	53	81	70	103	45	37	88	65	107	145	52	66	147	158	162	144	74	35	42	21	97	405	54	29	208	206	39	135	39	10
normal_spot66	49	136	32	73	206	89	43	132	45	127	97	154	93	42	73	33	129	85	111	111	100	55	74	184	33	52	76	165	32	118	49	78	46	64	52	140	63	90	50	34	52	209	99	90	53	63	66	92	37	108	67	18	33	81	35	107	123	18	29	95	65	78	29	134	86	32	100	140	117	106	50	131	63	110	41	42	110	87	84	137	38	64	129	132	161	134	70	35	58	23	124	386	68	34	241	246	38	181	43	16
normal_spot67	80	102	41	55	198	106	56	99	71	132	80	140	107	38	73	46	120	52	88	87	105	41	61	105	35	26	117	123	53	120	46	30	50	34	26	116	56	89	77	37	53	168	113	80	38	49	78	81	40	133	60	31	48	69	40	107	166	20	20	97	52	96	28	140	105	31	103	99	130	146	72	95	60	109	52	27	78	61	102	150	34	75	85	118	139	144	45	24	39	19	110	328	67	43	278	229	88	166	49	25
normal_spot68	37	141	42	82	250	73	52	111	51	138	70	126	104	42	109	50	146	58	115	78	99	49	64	86	58	44	73	126	46	77	57	63	63	46	36	124	82	56	59	47	38	161	120	75	50	57	83	110	37	91	57	43	36	64	46	98	152	13	15	133	48	77	22	122	101	31	116	131	113	130	70	120	52	110	69	28	70	67	118	162	44	64	52	196	134	99	62	22	53	28	88	293	53	36	250	196	90	179	62	20
normal_spot69	77	108	28	65	230	62	42	77	51	120	58	165	116	39	84	46	131	71	111	142	102	33	66	145	52	51	113	198	32	91	35	74	48	46	28	146	65	79	53	42	50	223	87	63	44	48	51	108	52	117	47	39	51	55	14	88	82	28	12	78	47	98	25	158	74	33	73	129	128	122	43	121	51	128	49	26	82	69	103	151	48	91	84	148	136	128	43	24	58	12	80	390	51	37	288	154	79	152	42	18
normal_spot70	24	148	34	62	207	66	47	112	42	125	103	153	95	32	87	41	141	85	100	86	106	43	75	117	67	44	112	126	46	92	48	48	37	47	57	105	102	119	46	45	64	169	83	88	47	50	89	117	29	97	76	27	44	51	31	77	83	19	24	84	55	98	38	137	69	23	97	104	124	122	46	99	50	125	36	39	108	60	71	147	40	67	107	156	107	125	61	32	53	17	83	321	57	60	226	211	96	154	62	11
normal_spot71	56	119	23	65	195	112	36	121	43	119	52	136	111	51	96	24	145	93	94	130	110	34	73	160	60	38	133	115	42	111	43	57	28	46	39	139	76	103	69	37	68	199	103	63	38	49	71	135	34	107	86	38	39	55	38	120	138	16	36	100	49	110	19	164	64	20	104	110	121	104	53	101	48	114	59	33	67	78	92	185	39	80	98	171	136	167	57	27	49	22	118	303	68	39	192	244	78	144	22	14
normal_spot72	47	137	50	65	318	111	71	107	39	88	64	134	131	47	65	45	114	64	113	95	106	52	46	132	50	42	100	135	47	116	61	52	63	44	54	108	69	78	72	66	41	181	95	80	52	53	83	171	50	116	73	72	44	60	44	111	103	14	17	101	48	115	39	132	92	29	105	147	93	145	78	173	70	138	53	21	93	58	102	125	56	61	92	149	150	161	61	28	52	23	99	323	56	36	330	211	74	210	67	22
normal_spot73	46	148	34	68	272	129	37	108	52	93	64	123	110	56	56	41	108	77	96	115	70	52	62	89	42	46	129	129	34	97	52	57	39	70	55	128	50	67	41	34	85	149	99	51	50	42	54	110	35	107	69	50	40	82	49	96	100	27	31	114	43	120	26	148	59	38	87	159	84	120	74	88	37	98	49	52	64	84	87	151	34	70	102	119	164	188	34	31	44	17	116	328	53	33	253	229	69	153	53	10
normal_spot74	39	122	47	58	202	113	47	97	32	120	80	138	99	52	88	36	153	52	88	69	122	56	70	112	53	38	111	164	36	85	38	65	45	40	39	83	82	92	75	43	63	172	75	76	51	50	49	104	33	102	39	44	28	91	30	85	117	27	29	132	77	93	31	157	113	34	93	155	100	141	77	105	83	98	44	37	85	50	98	121	46	54	111	163	146	134	62	32	44	22	128	340	79	28	203	216	48	160	47	25
normal_spot75	40	124	37	84	225	135	40	87	41	118	89	132	88	36	60	28	117	56	96	87	91	49	49	139	33	72	124	152	22	116	61	75	45	38	53	103	69	80	44	48	55	173	87	66	50	64	91	89	31	124	66	62	51	63	18	70	140	20	27	137	47	97	20	110	110	27	102	100	110	145	45	99	69	88	60	30	94	46	121	158	38	72	102	108	163	153	69	31	54	16	95	416	65	53	274	221	83	160	57	23
normal_spot76	51	96	49	73	179	57	55	83	59	126	88	92	105	42	117	17	87	78	105	134	105	39	82	92	36	41	93	130	38	109	43	69	32	49	53	130	89	82	63	57	59	134	75	71	61	38	89	133	39	88	47	37	44	71	30	103	110	32	22	118	62	78	58	164	139	27	100	122	121	126	56	136	58	79	48	22	70	67	106	176	28	67	119	127	135	95	72	14	53	19	117	330	59	37	260	208	46	165	50	12
normal_spot77	52	119	43	57	206	100	44	68	42	96	47	119	124	22	73	24	96	77	100	77	66	54	95	101	47	23	83	124	27	141	48	47	39	43	37	100	73	63	31	31	44	150	65	35	43	40	72	141	28	89	57	33	47	71	43	86	99	32	15	80	40	71	27	116	71	24	102	98	150	102	31	81	50	98	41	35	68	42	61	117	48	56	94	147	132	111	36	23	39	13	87	330	57	26	204	188	52	156	56	15
normal_spot78	55	113	31	93	259	64	44	99	46	133	50	121	111	43	121	30	131	65	125	111	93	33	64	132	62	33	107	162	33	113	55	72	35	62	53	186	58	68	93	37	54	170	76	67	54	41	83	115	49	85	72	43	50	62	39	87	95	17	26	94	47	147	26	172	86	34	108	150	129	136	72	95	36	131	89	38	96	71	98	210	52	57	89	122	182	124	59	24	51	28	87	371	72	38	256	218	91	174	63	10
normal_spot79	97	99	35	73	249	112	51	110	56	131	94	142	125	37	70	34	136	74	103	139	103	38	83	136	67	46	136	184	55	110	67	42	50	62	44	115	62	70	63	67	55	171	127	84	54	37	107	141	64	112	71	52	37	57	41	81	106	20	27	139	62	108	33	191	144	24	138	118	110	153	61	141	77	83	50	30	157	56	125	176	42	63	121	169	178	141	62	32	62	25	140	398	80	42	284	230	83	149	65	19
normal_spot80	48	110	28	68	215	110	61	67	49	128	117	126	93	49	44	40	104	80	88	107	103	49	62	123	57	51	82	137	44	93	47	63	42	61	31	98	56	56	39	41	35	173	78	69	35	58	48	72	40	102	54	43	46	70	36	89	111	19	15	97	55	92	34	192	94	38	98	175	99	107	55	82	59	111	43	42	52	47	100	179	41	60	145	135	147	115	57	29	38	13	75	320	50	46	278	225	83	173	52	21
normal_spot81	56	123	40	80	260	91	69	116	44	136	69	149	97	57	97	47	142	65	105	139	127	47	69	157	46	53	119	156	47	97	49	47	49	47	57	123	66	58	59	44	55	154	93	54	47	44	97	167	26	92	65	37	60	99	43	96	163	30	32	106	80	102	21	151	116	24	113	160	163	125	39	141	61	116	49	51	109	58	105	208	42	94	155	157	132	164	55	23	53	24	97	378	57	39	264	221	69	151	65	19
normal_spot82	44	87	20	66	209	71	34	83	41	95	52	94	75	28	42	41	101	49	65	88	88	35	41	105	41	39	59	122	40	72	36	43	46	48	39	76	51	67	45	27	33	107	62	44	33	40	61	111	25	72	48	35	39	49	19	73	94	11	20	60	53	82	14	124	61	19	76	128	85	104	29	65	59	58	51	19	77	47	102	101	22	53	89	121	93	123	28	20	41	13	84	222	52	30	213	195	39	117	30	18
normal_spot83	54	126	45	103	228	125	41	109	43	122	64	151	96	48	83	28	115	73	111	91	84	37	65	106	71	45	110	138	52	110	49	50	50	40	51	100	117	66	50	50	48	125	94	52	43	46	64	120	44	89	61	46	61	74	50	86	131	22	17	90	47	89	39	181	79	44	106	133	124	115	57	127	44	114	66	20	115	63	81	148	41	73	127	130	113	124	51	25	69	28	124	378	53	17	216	194	52	157	40	17
normal_spot84	64	118	43	70	223	86	56	102	51	120	92	140	84	44	79	59	148	58	113	116	146	47	76	111	70	44	102	133	55	89	55	65	47	31	51	119	107	71	58	41	53	154	80	61	50	59	89	129	48	113	72	55	48	100	57	121	159	20	23	99	67	109	38	126	120	45	134	139	126	103	48	107	60	79	78	28	104	57	139	160	45	66	109	147	148	147	89	43	50	30	86	393	63	36	236	264	60	166	36	16
normal_spot85	38	104	50	52	254	83	41	107	54	147	58	176	106	36	82	30	117	56	99	130	120	46	51	138	46	42	103	140	50	80	63	49	50	41	50	124	73	76	49	44	35	178	80	55	44	61	71	106	26	139	53	40	38	70	41	99	153	26	20	79	46	107	47	191	57	23	85	135	87	96	71	91	64	101	44	36	68	55	107	154	45	73	83	145	147	128	45	27	39	14	109	313	51	52	261	277	50	134	45	14
normal_spot86	62	111	31	57	185	65	43	97	51	145	66	107	124	46	114	35	114	62	103	100	116	48	77	138	37	49	89	145	22	112	57	48	47	25	69	116	87	101	49	47	57	208	80	50	58	50	57	133	53	134	77	56	40	65	28	123	133	26	20	101	78	80	35	158	123	30	58	129	122	117	79	97	56	113	40	37	104	47	107	115	45	59	99	166	120	167	65	38	54	13	114	310	70	32	248	246	86	159	50	21
normal_spot87	52	137	70	78	219	120	64	144	60	115	99	167	123	35	113	49	124	90	125	129	123	37	62	162	65	50	124	171	52	154	47	67	54	52	60	156	84	74	52	66	68	229	104	67	55	49	97	148	45	120	83	51	34	50	46	120	138	24	21	128	75	128	30	193	88	37	89	186	109	143	71	119	68	126	51	44	132	67	135	135	30	99	125	169	173	153	70	30	42	11	88	422	90	36	220	248	82	180	83	10
normal_spot88	45	125	36	59	198	71	50	55	35	121	63	132	105	46	76	37	121	51	97	99	107	50	74	165	44	66	111	142	36	87	54	69	45	34	43	120	62	63	53	35	54	158	94	87	31	26	120	69	21	65	44	44	54	50	18	52	132	18	10	110	41	111	41	118	103	35	102	112	82	116	41	139	46	104	34	39	74	90	85	172	48	79	74	171	149	133	64	30	46	22	119	364	70	27	228	188	66	130	55	24
normal_spot89	68	117	66	84	224	118	58	92	44	154	108	179	138	54	83	47	123	87	126	107	114	53	80	91	65	51	97	152	54	105	57	49	54	38	42	136	93	70	56	58	42	179	104	64	47	46	86	117	60	137	52	46	35	76	46	116	135	25	21	108	84	119	37	168	136	51	81	134	139	145	54	131	59	142	44	34	94	80	113	202	66	76	116	131	164	137	98	44	54	28	124	371	71	33	306	279	71	175	62	11
normal_spot90	55	122	37	55	245	84	50	116	38	117	89	161	114	39	97	48	148	99	102	162	110	52	78	133	60	70	108	160	50	84	53	58	44	42	56	170	90	94	65	52	66	146	88	61	43	34	55	129	31	100	54	69	64	57	38	85	111	26	30	97	46	129	28	135	71	29	94	102	115	132	48	101	41	109	49	30	114	55	119	160	41	91	141	115	163	149	60	29	68	19	121	318	83	32	222	273	102	190	49	23
normal_spot91	64	90	36	66	193	112	48	105	41	105	81	143	93	25	78	44	103	62	101	86	124	36	71	131	52	40	111	157	51	75	63	69	70	38	43	113	99	65	44	42	59	134	101	84	51	63	68	119	35	107	60	49	34	42	51	92	114	27	21	109	67	104	23	171	143	42	112	129	127	111	64	94	59	122	45	31	74	65	118	193	41	78	93	130	143	135	76	34	51	27	113	404	50	37	223	239	52	156	41	20
normal_spot92	41	98	40	46	214	95	34	96	40	108	64	115	134	29	71	27	142	51	80	116	115	48	59	103	45	45	146	131	44	104	37	67	48	34	32	120	45	62	30	41	37	123	77	46	40	54	73	89	46	94	47	54	28	70	35	71	132	19	12	86	59	97	30	94	75	25	62	105	90	110	69	87	24	89	35	31	69	64	75	116	33	83	93	94	142	109	64	18	34	17	93	308	54	39	220	226	85	131	63	34
normal_spot93	48	152	47	66	187	102	53	94	46	162	28	140	131	38	107	31	129	110	109	101	132	53	66	121	42	39	116	133	36	130	39	56	63	75	52	101	84	109	49	34	39	156	119	89	36	49	41	84	39	107	50	35	29	68	37	91	105	22	28	145	50	94	36	158	74	22	95	84	115	99	92	76	60	116	47	36	80	69	76	152	29	74	93	131	177	113	73	35	52	25	85	287	67	43	224	286	80	152	39	26
normal_spot94	47	147	45	77	290	95	67	93	72	103	97	156	118	44	92	44	109	100	118	139	143	32	76	146	42	39	85	157	39	115	65	66	62	39	42	98	83	102	59	50	56	161	83	91	60	45	76	113	40	96	75	41	46	63	24	66	118	23	15	130	67	118	41	137	93	39	102	125	86	145	81	88	61	104	66	47	87	99	97	180	31	87	110	122	187	157	42	23	56	20	112	388	87	40	260	231	69	151	60	25
normal_spot95	47	149	37	67	196	104	72	101	48	166	64	127	117	55	108	46	142	78	88	118	118	35	99	152	45	49	132	93	43	71	41	57	54	66	40	99	65	107	69	37	72	165	68	61	67	48	75	135	47	101	58	31	34	74	47	114	134	38	28	77	62	100	34	144	45	25	79	135	106	115	58	95	56	120	61	58	93	59	91	111	33	51	123	200	165	90	53	56	46	13	90	293	79	45	256	256	78	188	50	18
normal_spot96	49	119	43	79	187	76	50	123	49	136	81	157	122	47	112	50	114	75	87	117	72	47	70	153	56	41	93	160	42	128	47	70	29	41	29	187	91	95	47	51	76	204	77	43	45	36	71	141	36	119	44	59	49	71	20	112	107	25	23	90	62	77	34	133	101	35	92	130	126	147	63	131	75	97	54	27	120	58	116	163	44	98	99	134	165	111	44	26	51	20	102	320	81	46	228	216	57	151	74	16
normal_spot97	32	172	47	78	309	97	56	122	55	159	85	151	134	46	69	41	138	92	112	127	107	31	71	159	48	60	112	135	46	83	58	52	47	45	47	125	91	130	74	65	69	205	111	63	60	70	98	130	39	144	90	52	54	84	49	147	186	23	31	125	62	124	30	194	79	37	100	136	187	133	67	68	63	85	55	25	88	50	126	209	66	57	103	155	162	135	48	41	42	29	130	308	98	60	261	246	96	164	61	24
normal_spot98	63	113	33	65	266	75	44	108	53	136	68	147	114	49	85	40	127	82	85	103	92	51	83	126	67	57	94	139	36	73	41	55	46	60	46	115	77	69	43	58	42	178	81	62	42	53	52	120	48	100	49	45	31	53	36	96	105	32	23	132	53	90	31	128	83	34	91	119	89	108	79	63	49	111	32	35	58	52	94	160	39	45	96	151	174	108	49	32	40	13	124	334	64	45	232	180	50	162	38	27
normal_spot99	64	91	42	59	265	95	53	83	62	128	63	145	99	54	49	38	151	63	105	155	97	52	50	106	45	44	134	169	36	100	61	63	54	66	65	159	73	79	90	46	60	154	103	71	47	44	83	105	55	121	72	40	42	65	25	95	140	16	33	88	44	107	38	121	108	22	119	153	124	118	67	79	41	105	76	35	129	93	99	199	55	62	101	144	149	130	79	21	43	21	116	392	70	31	266	246	84	151	50	23
normal_spot100	54	119	30	95	256	67	44	78	49	108	67	104	122	35	77	27	93	80	118	106	113	33	58	128	50	50	106	171	42	96	60	46	40	59	42	164	94	80	57	37	61	173	86	52	36	36	93	135	51	77	74	42	34	96	37	128	135	24	40	99	78	132	29	148	129	24	114	130	128	150	49	72	40	124	61	25	78	93	99	162	55	60	96	120	167	96	44	28	36	34	113	337	67	47	257	237	82	128	68	10
normal_spot101	57	185	46	65	238	115	61	132	73	166	54	192	133	54	79	57	123	90	104	146	117	34	97	140	57	60	153	149	62	131	55	90	45	29	52	102	75	97	107	35	81	195	90	72	42	42	82	121	55	115	56	68	67	79	32	107	90	27	22	136	57	97	35	176	81	30	117	135	130	153	48	110	89	137	69	34	129	47	137	157	33	121	144	168	159	199	41	31	53	27	104	353	80	48	290	268	108	201	51	24
normal_spot102	114	163	50	78	262	117	45	92	70	128	66	143	113	57	66	22	134	53	104	105	92	39	67	123	55	49	111	120	40	130	61	60	49	33	43	95	99	82	59	51	63	201	71	62	54	37	83	115	53	132	72	21	47	46	28	96	154	26	37	113	60	106	36	140	70	27	91	111	90	95	74	125	67	109	46	26	94	70	108	133	43	64	117	122	182	202	53	36	52	24	96	393	50	41	269	205	54	132	71	25
normal_spot103	72	130	29	53	223	83	65	129	47	108	75	149	115	42	73	33	126	78	87	105	96	34	62	154	60	39	125	119	42	87	54	65	44	46	42	95	72	86	64	25	64	135	84	69	47	41	83	92	31	107	47	40	39	54	21	109	100	17	19	120	62	84	23	132	57	32	71	116	64	153	65	56	34	128	91	43	107	71	109	144	50	43	101	150	148	141	47	47	68	14	106	342	76	25	231	253	81	172	58	9
normal_spot104	41	102	28	59	196	107	48	113	52	114	39	102	91	40	93	30	84	69	74	128	102	27	77	134	51	48	78	126	40	87	62	56	50	27	61	133	74	84	54	36	66	174	71	86	64	35	55	122	36	67	52	44	42	59	34	97	114	25	18	107	53	84	36	105	78	21	90	112	88	94	60	88	57	99	72	26	104	85	95	133	48	57	182	131	114	148	42	18	54	15	95	322	87	36	223	206	46	153	63	17
normal_spot105	46	132	23	61	167	67	43	89	41	134	56	129	98	41	100	39	90	87	98	118	114	34	74	130	51	44	112	109	35	107	28	71	62	48	31	93	79	88	59	45	49	131	68	60	40	33	59	91	32	90	68	35	39	46	27	87	129	15	24	101	57	73	25	137	67	33	71	145	119	94	50	95	37	115	36	23	76	49	100	147	31	67	104	139	131	116	58	19	52	11	79	333	32	35	223	182	89	129	43	9
normal_spot106	50	106	45	66	212	86	45	92	60	150	42	151	110	22	74	31	103	62	96	114	122	46	92	106	61	24	96	175	40	110	62	67	30	45	59	148	45	92	36	59	66	162	106	75	49	61	81	96	35	129	66	59	55	99	42	111	119	26	16	111	58	90	28	165	105	29	80	138	68	147	38	94	46	111	59	35	92	66	118	171	49	89	111	124	122	131	67	31	45	16	94	317	65	45	266	232	91	163	46	15
normal_spot107	41	100	24	67	188	61	80	107	57	107	109	112	71	47	91	24	110	107	117	81	98	57	80	154	31	56	100	134	27	89	63	107	60	50	80	113	87	82	56	74	59	156	98	54	50	65	63	83	48	131	68	50	56	77	32	117	139	25	14	125	52	82	49	145	85	34	72	132	98	144	40	111	66	104	47	28	136	105	103	162	32	68	134	122	154	138	58	17	50	23	109	379	66	24	307	220	52	146	68	20
normal_spot108	48	88	49	76	189	89	58	103	56	135	57	115	108	35	80	42	124	100	94	137	88	61	61	131	58	45	91	167	45	101	46	53	74	37	50	135	76	96	44	41	57	143	97	89	40	46	70	151	54	105	62	51	53	85	23	88	95	15	14	110	47	82	34	163	67	33	119	128	107	107	48	82	34	120	36	35	143	77	91	161	42	60	121	144	114	107	60	22	69	16	69	329	55	49	252	222	67	126	31	12
normal_spot109	32	129	51	68	209	74	43	101	57	158	128	123	96	39	60	46	146	66	122	66	97	77	61	127	40	34	113	162	34	131	72	67	60	44	52	113	50	79	50	53	59	166	117	76	35	25	83	123	36	139	51	50	46	65	46	72	153	19	31	125	44	100	29	129	93	29	77	125	118	122	51	116	55	99	55	30	101	55	119	161	38	67	93	119	142	132	60	25	52	19	94	282	65	38	278	269	45	104	66	16
normal_spot110	50	113	41	57	258	95	61	80	46	129	29	101	99	48	84	34	93	85	123	112	124	33	62	164	35	45	114	119	46	98	51	49	50	49	31	113	63	38	55	45	60	137	88	61	40	42	49	122	29	100	36	39	47	43	15	106	136	25	22	77	46	94	33	153	82	21	91	132	94	119	48	81	44	88	43	31	88	56	112	157	47	81	116	135	164	151	42	36	47	21	90	353	63	30	196	217	74	156	51	22
normal_spot111	31	111	45	62	219	84	59	104	54	103	57	144	99	61	80	31	97	68	100	120	114	41	70	152	46	29	122	125	44	105	47	51	41	34	69	86	87	71	62	33	52	163	78	49	49	52	58	110	41	90	58	34	48	82	41	141	120	25	29	91	49	73	23	161	104	26	88	104	125	130	54	89	65	136	43	32	60	49	114	156	36	74	113	155	144	125	44	33	55	14	94	317	73	45	234	250	49	185	56	19
normal_spot112	56	126	39	58	245	86	54	96	48	108	97	150	149	41	71	53	124	73	102	140	160	33	69	180	46	28	88	168	41	92	39	53	63	41	70	113	87	104	69	62	49	202	90	59	50	54	65	130	47	101	51	21	53	74	42	122	154	23	24	126	61	95	29	146	80	32	115	116	97	124	61	74	72	104	87	36	79	56	108	184	45	86	116	161	156	110	67	27	53	17	96	353	61	36	229	270	84	204	58	15
normal_spot113	63	119	42	64	247	108	56	98	42	137	79	110	116	43	112	35	128	82	113	195	147	29	39	126	63	47	76	152	48	95	33	43	66	41	37	135	73	107	51	36	69	145	85	83	34	57	72	131	39	111	45	66	42	64	33	118	128	25	30	116	61	96	36	164	126	29	116	120	81	161	81	104	64	99	58	22	86	63	120	124	60	58	111	137	156	127	59	30	49	22	94	381	61	40	272	275	42	147	63	33
normal_spot114	74	158	49	72	288	110	57	126	63	146	113	147	103	36	57	51	139	77	146	78	123	83	77	177	46	53	103	164	52	105	68	65	76	44	66	211	76	88	80	42	72	183	114	85	54	51	61	131	28	119	50	48	43	92	19	86	146	27	18	118	70	105	28	160	93	30	112	150	124	127	34	132	47	76	59	26	87	66	104	185	37	79	103	150	167	138	75	37	66	15	90	390	79	55	290	218	71	159	53	20
normal_spot115	63	152	36	83	158	88	47	88	61	118	90	131	107	47	71	38	91	78	114	105	104	24	63	84	38	55	106	121	47	90	81	79	41	27	40	156	82	79	38	40	58	124	74	43	33	49	82	90	30	94	69	52	43	64	43	97	137	10	16	98	72	83	26	117	94	35	91	104	140	112	36	58	42	114	44	32	114	80	105	152	58	75	131	127	129	104	52	33	47	9	124	439	60	35	204	278	33	145	45	19
normal_spot116	59	115	21	72	235	78	54	107	49	164	102	135	103	57	80	33	119	77	120	97	96	37	67	104	61	36	67	187	42	72	47	87	46	33	51	152	76	96	60	31	50	155	83	45	50	49	59	124	46	101	59	47	36	89	55	122	96	30	28	111	59	104	38	170	68	28	123	118	127	155	41	92	61	125	61	22	96	70	95	142	46	69	101	148	131	107	70	50	49	15	111	397	51	55	218	261	84	129	39	26
normal_spot117	86	154	43	68	229	79	40	77	46	140	81	108	102	31	76	44	121	103	100	119	82	68	46	126	43	36	83	174	44	129	51	77	32	67	33	88	72	87	51	61	89	134	95	43	50	37	88	136	38	129	85	33	47	80	41	109	162	15	26	99	48	106	28	182	101	22	112	160	91	93	52	110	50	106	65	44	98	58	111	193	74	80	91	157	128	150	71	27	57	19	90	307	67	39	212	243	103	143	50	14
normal_spot118	50	89	39	46	238	89	60	100	38	131	58	119	102	43	98	40	94	95	110	109	97	39	64	106	40	33	60	137	26	73	40	55	53	69	35	93	84	85	44	54	42	130	73	59	48	51	60	104	48	130	51	38	69	75	18	98	109	19	23	60	38	70	26	121	94	36	53	146	118	111	52	99	39	117	60	44	99	64	96	166	29	36	116	114	107	110	35	26	59	15	110	327	52	30	248	215	68	172	48	13
normal_spot119	55	134	29	54	254	97	35	109	35	124	67	116	96	26	73	35	145	54	88	84	108	59	77	125	62	51	85	151	32	79	54	58	57	60	39	154	79	108	54	62	54	172	67	65	57	39	78	104	54	116	71	36	46	49	30	81	162	30	12	105	53	117	22	146	74	26	89	100	79	158	47	101	45	130	68	23	99	50	84	123	40	56	82	113	153	120	51	24	43	27	105	327	71	16	218	189	48	137	42	12
normal_spot120	66	196	28	62	141	109	52	121	60	161	81	168	84	48	66	36	103	75	95	125	78	41	60	128	51	40	78	155	52	100	42	69	43	39	46	118	69	110	47	56	71	188	82	50	33	51	99	102	29	120	45	31	31	91	37	105	104	19	21	93	48	97	45	141	95	20	101	140	148	136	37	100	92	80	37	28	95	55	89	142	52	62	98	129	119	88	65	31	38	19	114	235	77	44	211	206	92	159	63	17
normal_spot121	79	135	40	56	229	80	46	94	56	106	83	163	127	39	90	58	151	78	104	94	151	44	79	132	69	54	77	131	42	139	40	66	37	58	54	123	79	121	61	74	68	180	107	79	37	35	75	97	44	119	70	46	31	41	39	114	137	25	17	106	58	97	36	181	50	35	90	102	100	145	49	136	56	103	39	37	116	61	90	132	25	64	94	151	175	97	31	27	47	25	108	299	59	24	253	254	56	147	55	14
normal_spot122	49	146	22	82	272	67	49	79	53	103	79	129	125	45	33	58	153	70	99	111	129	35	69	113	63	32	125	169	46	109	37	76	41	42	33	118	65	67	52	43	63	197	102	85	62	45	77	152	26	107	82	40	32	82	44	122	154	18	19	146	49	97	37	112	114	25	115	120	92	112	57	98	54	127	59	35	47	81	116	159	21	52	101	154	179	100	54	27	62	20	105	412	44	47	274	254	66	175	57	12
normal_spot123	35	104	39	48	280	54	40	63	40	111	52	108	97	45	56	28	102	61	106	87	76	27	47	73	30	61	102	165	45	93	48	63	29	27	43	109	87	65	55	48	34	159	89	60	35	68	70	105	32	74	52	37	38	71	34	59	104	17	18	101	49	89	33	137	123	34	72	129	97	123	65	84	52	101	35	17	71	51	103	151	36	52	100	146	110	106	48	23	67	10	82	319	55	34	214	208	67	133	27	12
normal_spot124	52	69	40	51	217	95	41	92	54	132	71	137	91	47	50	32	149	54	63	100	83	28	57	115	34	51	94	130	35	101	33	66	36	36	21	91	71	70	52	30	34	158	80	61	26	37	84	84	53	104	34	40	46	65	35	88	97	21	17	118	42	103	33	121	93	32	104	115	125	106	58	75	58	82	47	26	78	69	103	140	43	65	117	130	121	129	50	21	60	26	100	277	76	39	255	221	57	123	36	22
normal_spot125	52	141	36	57	175	125	49	122	42	111	84	104	101	42	89	48	97	55	99	108	100	25	79	128	53	56	106	103	41	75	47	67	50	39	47	106	63	81	84	48	44	147	73	46	50	38	69	106	47	87	66	30	57	64	32	105	136	23	26	91	50	123	42	156	67	20	81	132	161	128	49	93	45	101	68	33	121	37	152	146	36	90	118	145	135	149	58	29	40	29	95	384	59	37	225	191	85	141	41	15
normal_spot126	43	130	27	65	267	96	43	129	48	107	64	100	106	33	99	62	122	81	87	98	132	23	60	97	79	36	105	171	48	67	50	58	31	37	41	140	65	96	65	41	38	172	87	55	47	35	67	134	34	102	56	47	40	73	34	116	98	24	21	134	33	125	21	146	84	19	119	147	120	172	71	99	93	80	39	27	57	58	149	137	34	33	91	166	163	122	61	28	55	26	82	308	45	24	230	240	80	176	38	22
normal_spot127	60	87	55	85	239	136	57	75	55	121	55	145	117	29	62	47	102	52	88	102	104	60	79	110	57	33	140	116	47	117	49	73	59	43	60	133	66	73	75	46	92	122	76	57	38	46	120	114	48	95	50	42	78	46	29	97	120	20	21	92	32	84	28	189	126	15	99	141	127	136	46	82	50	87	46	32	83	59	100	154	51	49	162	135	168	139	66	34	38	23	107	361	86	35	269	217	46	145	49	15
normal_spot128	71	128	43	75	221	66	40	105	55	123	74	169	103	37	72	52	158	87	127	133	96	62	57	173	44	54	59	145	33	96	40	69	42	54	46	69	72	102	36	66	46	141	98	97	43	37	60	117	29	119	37	32	47	68	34	106	143	20	17	121	48	83	26	154	80	25	94	91	141	114	68	173	53	89	50	37	112	55	61	151	44	27	116	122	143	124	26	34	55	15	79	316	60	52	245	190	45	130	60	17
normal_spot129	54	121	55	58	248	120	42	107	53	168	66	133	110	51	62	36	113	68	76	92	89	47	82	110	56	43	105	145	41	154	55	72	52	45	53	98	87	60	52	38	49	186	77	57	55	35	73	98	31	112	82	50	58	84	54	113	126	32	20	98	41	132	42	162	102	36	128	120	137	128	63	84	70	110	89	28	94	82	110	187	58	107	91	145	152	157	41	26	42	35	95	397	65	35	233	235	123	193	54	19
normal_spot130	56	136	57	70	217	88	49	100	46	151	68	132	120	38	78	37	139	73	158	101	112	48	60	122	62	40	100	90	50	97	61	49	41	63	40	129	76	91	76	60	47	158	120	53	60	62	95	110	60	142	84	56	43	55	37	118	173	28	22	101	46	94	28	166	64	23	88	146	147	135	43	136	47	107	53	31	66	37	148	169	41	44	107	120	154	155	61	26	48	24	95	376	52	36	256	223	60	146	71	6
normal_spot131	47	139	38	69	201	101	37	109	54	141	64	144	112	32	60	41	122	104	98	107	92	38	64	129	45	46	103	147	54	136	56	65	50	43	46	133	68	70	48	63	61	182	88	62	45	43	78	97	41	88	70	42	31	59	38	65	144	31	14	107	53	60	32	164	83	30	64	115	163	105	60	83	49	90	53	13	104	81	97	154	36	80	89	131	174	107	67	24	28	25	140	307	80	33	191	248	60	109	57	20
normal_spot132	52	180	44	63	249	86	53	106	53	166	65	191	122	55	83	32	133	102	89	85	123	52	82	142	56	43	108	99	45	88	53	49	71	48	46	110	82	132	63	45	64	201	96	77	58	59	65	126	36	138	85	37	58	66	29	123	121	24	23	73	50	91	22	174	53	30	107	165	131	115	80	115	63	117	54	33	112	46	117	165	42	56	109	145	113	132	52	35	44	15	107	298	60	61	311	280	50	168	76	16
normal_spot133	51	131	36	81	246	78	40	72	52	164	96	107	98	21	89	48	105	66	88	109	121	60	43	95	43	39	120	181	32	94	45	63	72	52	48	146	80	114	58	56	43	157	82	51	37	42	84	100	44	103	54	49	31	43	43	115	120	24	23	101	83	77	18	141	114	32	114	135	84	127	46	74	41	111	33	21	92	48	72	147	31	71	87	145	130	130	65	33	51	24	107	387	64	32	214	275	51	148	42	17
normal_spot134	36	121	30	87	196	90	53	63	30	120	88	111	98	43	97	53	124	78	104	107	123	45	60	84	44	42	116	126	28	91	56	68	47	31	39	132	65	62	44	34	43	142	89	34	37	36	65	126	26	115	43	57	39	93	19	112	116	16	12	84	58	75	26	126	114	34	80	110	118	110	36	73	40	76	48	20	83	35	99	142	29	58	114	167	121	100	70	31	61	23	109	320	68	34	226	222	101	152	58	14
normal_spot135	64	95	27	60	258	127	54	90	56	130	55	115	121	23	63	31	130	102	101	140	83	59	80	151	56	45	92	154	40	128	64	68	39	59	50	153	67	96	46	34	50	168	79	83	30	44	104	129	46	98	53	64	54	74	27	111	122	19	25	131	63	82	29	110	90	36	104	101	79	148	55	101	43	117	35	37	90	57	124	149	38	74	101	149	145	92	65	42	48	17	140	429	72	29	229	205	65	149	60	12
normal_spot136	44	147	34	63	213	98	50	93	44	120	65	103	82	49	86	38	80	70	79	116	107	46	77	103	47	37	135	141	45	110	51	68	38	57	58	121	126	68	93	36	53	149	93	60	48	39	73	91	43	91	59	35	39	100	42	138	107	23	15	97	44	100	27	177	117	20	136	88	71	143	58	98	52	98	48	37	64	71	99	140	30	100	99	193	115	143	66	39	53	14	107	321	70	32	201	270	55	162	30	24
normal_spot137	79	99	17	59	143	149	63	109	44	100	76	136	86	30	86	28	147	59	97	111	109	52	90	134	58	38	132	160	43	144	44	55	54	52	53	129	80	69	50	43	50	213	69	81	38	60	84	83	53	123	62	35	47	50	44	106	139	16	13	109	54	111	41	98	83	36	120	136	81	119	37	89	84	88	39	25	77	81	112	186	52	89	94	148	160	162	75	21	37	18	95	380	75	33	263	245	65	158	45	16
normal_spot138	52	128	30	78	241	73	44	96	70	128	83	127	106	38	90	58	124	61	134	159	86	37	68	149	40	46	101	165	49	95	41	48	47	70	66	114	68	59	61	28	35	133	93	54	51	49	100	85	39	125	52	49	51	78	30	99	104	28	21	95	58	136	36	165	105	35	103	104	90	126	43	129	50	101	33	32	63	64	97	159	27	88	86	125	167	81	62	39	60	18	112	305	57	22	250	206	64	155	42	20
normal_spot139	33	78	41	104	228	74	56	67	54	98	49	129	100	51	62	30	107	72	97	85	109	28	59	108	47	29	115	123	37	108	49	59	53	36	48	89	86	83	37	42	42	151	85	67	45	47	67	99	51	75	66	36	37	69	47	53	117	24	19	94	53	108	33	122	108	36	130	122	106	125	31	99	42	81	76	45	69	50	87	133	56	74	101	137	135	110	46	29	39	26	90	344	61	28	242	203	58	157	38	21
normal_spot140	36	107	46	74	227	68	50	92	52	140	52	129	121	47	82	31	152	71	114	156	115	40	58	154	62	43	73	156	63	114	49	60	32	47	33	127	85	80	64	27	60	135	74	53	57	47	100	142	31	87	80	36	49	98	31	86	141	21	22	97	58	129	32	145	55	35	118	101	108	129	53	57	64	103	60	34	71	54	135	144	41	59	98	162	136	120	52	19	24	23	113	341	59	32	277	249	95	138	59	15
normal_spot141	57	73	35	62	199	50	51	104	33	122	66	138	116	36	68	38	127	57	89	106	100	45	55	73	45	28	87	162	36	90	29	62	48	41	44	106	49	78	50	52	50	148	70	51	41	58	79	97	57	120	55	40	37	66	15	88	146	25	14	99	58	71	29	154	84	17	102	91	105	107	37	86	56	82	45	20	48	29	100	129	42	71	92	120	142	112	63	46	40	25	95	282	45	30	261	219	38	113	40	12
normal_spot142	47	89	32	51	182	91	44	101	41	109	63	148	106	53	68	27	96	81	89	118	115	36	58	135	44	26	111	120	35	120	25	32	54	48	42	89	66	69	50	58	35	123	109	51	39	51	71	112	44	102	72	43	40	62	25	69	91	25	19	96	63	104	29	138	101	36	72	116	166	119	35	133	57	121	76	32	129	53	54	121	36	52	113	146	132	146	46	23	40	16	89	307	76	49	241	195	69	177	57	16
normal_spot143	42	93	26	79	201	77	42	88	34	93	77	88	92	41	96	42	164	79	99	118	128	58	42	108	54	32	114	136	35	83	35	53	69	23	60	117	78	83	52	34	62	168	75	66	43	30	65	110	31	82	57	62	45	67	23	71	85	22	13	85	44	86	34	162	63	32	106	122	78	98	41	62	63	89	57	23	73	56	85	137	49	86	107	123	127	133	46	38	47	15	72	302	65	57	187	201	52	120	30	14
normal_spot144	83	158	48	68	247	60	75	93	44	121	65	115	108	50	81	36	136	90	97	159	87	52	47	131	43	34	101	148	49	109	40	46	52	44	47	74	67	47	42	28	77	145	87	54	50	36	58	92	47	139	54	27	51	86	18	111	141	17	29	136	59	94	32	139	111	19	110	121	104	124	39	101	51	125	70	45	88	48	106	143	56	73	96	112	138	106	35	41	67	11	84	287	69	35	275	236	37	128	49	19
normal_spot145	37	83	42	55	214	64	36	88	41	132	85	121	93	36	92	32	111	68	106	98	114	48	65	124	28	29	92	127	38	110	43	43	38	40	41	96	52	68	52	40	32	151	70	61	28	29	56	85	38	99	66	32	51	41	19	88	119	22	18	109	41	100	23	126	68	13	77	179	95	134	34	61	57	87	41	25	72	52	101	148	35	52	139	123	122	138	52	19	51	13	108	292	68	20	236	208	72	127	58	25
normal_spot146	30	132	43	54	234	80	51	84	48	103	87	155	141	48	68	36	114	49	102	83	128	56	71	107	58	41	110	153	51	83	50	55	43	51	50	119	59	94	57	40	18	144	77	50	52	38	69	98	43	75	66	43	36	54	26	80	140	14	24	87	42	101	38	89	94	27	116	124	91	100	79	71	66	73	47	39	62	51	130	181	30	64	102	140	159	122	58	34	42	27	93	333	56	33	208	281	57	140	52	24
normal_spot147	35	99	38	42	219	98	51	69	48	150	77	74	108	46	101	46	81	65	90	106	98	46	85	155	38	33	83	90	45	72	64	70	72	59	36	112	82	84	46	34	60	124	78	82	54	51	64	97	41	72	46	49	66	54	32	107	134	22	19	84	69	108	20	117	78	30	112	119	110	123	55	96	45	82	33	30	77	51	106	152	47	72	114	139	141	109	33	31	51	10	99	366	70	32	208	247	54	158	39	17
normal_spot148	71	115	38	77	189	106	58	94	46	159	64	163	104	44	93	47	103	82	136	115	108	36	59	141	57	65	133	122	51	113	54	69	45	30	43	84	87	97	52	39	72	159	81	46	45	31	68	134	35	76	63	60	48	69	44	135	114	29	11	108	71	95	35	170	102	30	87	142	92	128	48	94	58	103	42	34	111	87	107	166	38	81	103	136	140	171	49	32	61	15	111	367	71	47	274	261	55	154	60	22
normal_spot149	53	152	23	68	286	113	44	116	79	115	71	153	132	32	31	37	168	48	106	117	81	60	102	140	66	49	99	146	53	103	46	75	64	29	37	119	60	64	46	45	68	196	97	61	48	49	75	151	42	77	66	59	57	83	51	64	123	18	27	110	65	99	40	119	60	28	114	107	124	138	72	85	50	104	80	42	79	59	110	140	24	67	161	154	132	153	43	25	56	16	88	401	98	39	259	249	98	188	55	23
normal_spot150	25	127	37	71	182	73	45	90	49	147	62	134	110	53	59	25	152	55	105	101	123	51	49	132	39	50	125	135	47	103	53	60	48	31	40	117	72	96	81	52	56	198	82	61	38	52	80	136	55	105	51	40	42	60	47	71	149	20	23	94	64	76	22	114	69	28	88	107	103	132	54	123	58	72	61	27	76	51	95	154	50	52	87	123	124	109	61	42	29	17	109	276	44	38	246	286	47	115	63	17
disease_spot1	55	142	34	56	225	94	45	130	58	106	52	137	100	47	71	33	151	83	79	121	157	48	71	146	44	32	45	130	53	100	53	66	35	31	28	125	76	65	67	32	79	195	86	52	54	56	91	131	34	120	91	38	26	71	24	51	135	22	17	113	58	78	17	145	66	29	150	144	83	142	38	105	61	103	49	36	79	74	125	153	109	128	234	52	109	104	36	42	65	17	22	111	41	40	74	76	108	13	134	29
disease_spot2	32	147	24	52	235	55	44	98	26	127	107	142	92	54	49	44	99	60	88	99	124	41	52	111	53	47	63	122	59	78	33	80	40	52	41	58	78	69	52	38	61	211	85	68	52	44	65	135	39	121	52	20	30	75	35	64	95	25	19	100	41	119	22	160	98	25	105	125	108	158	47	125	93	93	45	27	74	36	94	133	145	169	237	46	96	136	42	64	63	15	22	67	48	31	126	55	86	21	145	23
disease_spot3	30	151	41	85	213	84	49	93	47	91	62	136	130	41	100	54	99	129	74	90	114	23	45	147	35	54	93	150	39	101	53	66	51	42	58	107	36	96	48	41	52	137	102	73	38	50	58	106	40	126	59	43	20	66	20	99	90	8	20	93	67	100	29	165	50	28	100	164	115	132	68	60	52	112	78	43	93	55	128	141	109	150	165	35	105	85	77	44	68	31	19	95	41	38	87	83	95	26	144	18
disease_spot4	36	134	36	65	196	124	47	83	53	123	91	105	116	60	104	48	84	93	75	113	104	25	91	153	40	51	104	158	41	116	28	51	32	48	50	101	96	71	40	52	64	189	79	72	38	65	60	114	27	94	60	39	33	61	59	52	114	16	15	80	49	85	28	131	65	15	80	97	158	92	42	127	73	133	74	45	63	64	94	113	145	144	231	65	89	123	95	72	54	24	14	97	64	31	87	83	106	17	97	23
disease_spot5	40	96	33	48	222	118	76	112	38	133	67	144	118	34	82	30	136	58	87	139	95	23	56	166	45	36	133	143	35	85	48	60	39	67	88	99	63	79	73	42	98	201	72	89	48	48	94	127	22	153	64	44	52	51	24	82	133	23	14	97	49	76	45	139	72	35	99	113	114	109	58	75	100	114	71	37	85	99	110	153	116	131	272	57	90	121	70	50	65	22	22	140	36	41	90	75	85	19	116	24
disease_spot6	45	114	29	81	184	105	41	77	36	121	76	123	121	50	64	46	140	77	61	59	87	29	100	134	40	55	75	131	19	101	56	53	37	46	48	77	84	52	50	67	51	162	64	81	36	66	92	127	30	87	83	32	33	37	35	123	116	8	11	104	51	96	23	135	83	33	128	116	90	134	39	103	88	86	87	22	72	60	88	111	127	116	237	61	106	111	67	47	62	18	12	81	43	43	104	74	80	29	111	28
disease_spot7	50	128	30	66	202	77	60	114	34	95	68	124	128	31	83	42	118	56	102	93	103	34	58	135	45	59	85	149	52	102	89	66	56	43	39	110	100	70	48	42	68	183	77	66	51	61	83	96	42	130	71	43	40	55	52	107	126	24	11	90	44	65	34	119	91	20	162	123	96	143	73	103	56	116	48	26	94	46	100	167	130	159	255	73	109	167	76	57	83	17	29	84	69	40	91	57	80	21	101	28
disease_spot8	58	157	70	67	229	139	59	118	52	117	83	107	115	49	88	47	139	84	108	96	134	31	73	187	64	48	126	158	60	140	51	56	28	60	92	122	80	113	51	41	50	242	80	55	40	75	71	160	41	109	56	39	52	72	41	99	166	28	15	119	54	105	31	125	78	21	134	100	118	143	67	89	71	111	50	54	72	54	105	118	127	110	255	48	124	161	68	61	57	26	28	97	49	43	114	110	108	23	150	50
disease_spot9	50	94	34	64	197	135	43	61	41	115	59	139	120	36	91	40	110	69	110	88	79	30	70	112	75	59	85	117	58	73	35	56	26	50	35	97	73	85	57	47	51	197	100	64	45	52	61	113	50	150	54	44	41	79	38	92	96	23	21	104	51	86	19	124	76	24	91	152	91	129	40	74	82	85	61	25	80	48	94	144	96	133	253	49	81	118	68	53	64	17	15	75	30	37	104	84	117	19	100	26
disease_spot10	58	118	36	67	232	131	62	109	44	127	79	136	137	44	62	43	100	79	90	81	83	34	66	129	67	58	111	178	51	94	53	73	48	48	58	127	70	105	38	47	71	229	74	44	67	44	73	107	43	91	67	59	31	74	39	123	87	23	21	90	46	118	19	117	111	33	72	146	117	118	49	107	49	124	58	31	117	79	125	150	138	125	201	52	88	127	82	37	92	25	30	136	44	75	121	81	96	19	165	27
disease_spot11	80	145	51	72	236	104	77	89	53	137	72	155	140	55	67	44	136	115	105	118	128	44	64	141	39	53	114	192	60	152	72	66	32	90	59	131	90	116	47	45	77	156	91	59	56	54	90	113	38	114	79	54	48	76	47	90	161	28	18	94	67	151	34	187	67	27	135	177	122	117	57	103	49	129	69	52	84	85	89	183	119	164	300	46	128	139	73	67	73	24	27	151	65	47	139	90	135	12	146	51
disease_spot12	73	135	32	54	161	84	58	109	30	138	104	122	100	44	78	38	144	83	67	89	105	27	55	132	39	58	96	156	49	92	54	64	25	29	40	100	63	70	62	35	66	181	80	56	37	54	93	100	23	103	73	45	52	53	25	63	116	15	14	78	41	69	28	132	102	17	160	109	116	126	45	138	71	85	51	29	115	70	87	124	126	146	185	49	94	107	49	48	61	10	20	73	29	36	157	70	98	12	91	27
disease_spot13	40	142	37	46	261	89	42	78	43	101	54	118	165	43	66	36	80	58	88	107	118	32	55	155	42	47	98	165	48	111	42	53	54	39	40	108	71	79	65	37	79	147	106	38	66	45	89	111	46	121	46	53	41	60	36	54	110	12	12	112	54	97	37	132	50	28	87	135	110	121	54	72	64	79	26	27	93	51	91	110	133	142	272	67	99	112	75	49	49	20	31	106	34	47	102	69	113	20	181	35
disease_spot14	43	153	48	81	228	100	47	84	57	106	115	152	122	36	60	31	146	70	81	107	95	16	72	131	31	31	114	170	43	84	66	58	49	35	41	87	78	78	61	44	75	173	92	60	46	33	92	77	58	111	73	33	44	75	19	75	161	21	13	83	36	117	24	140	69	23	111	105	92	146	41	79	68	113	63	48	89	34	151	139	115	143	274	80	96	139	45	43	51	25	27	127	43	40	108	83	114	19	120	24
disease_spot15	39	120	30	75	213	125	50	103	45	125	83	107	124	35	69	40	85	87	107	115	132	52	74	152	53	33	106	101	48	77	71	91	29	58	51	97	62	89	64	34	40	175	99	76	64	53	88	98	31	128	101	41	37	58	30	91	138	15	15	87	49	86	46	141	71	33	96	112	97	116	67	91	56	100	43	34	117	55	143	143	110	146	216	54	98	159	62	42	60	21	26	111	54	33	94	89	101	38	130	17
disease_spot16	39	98	40	66	193	102	49	82	54	91	83	134	125	43	81	34	106	68	96	106	80	19	62	146	40	49	118	133	46	107	72	69	28	41	47	100	78	99	59	40	52	188	64	60	42	52	77	133	30	100	58	55	37	80	56	98	138	17	16	119	52	119	34	129	59	31	103	137	68	142	31	77	57	87	63	40	64	60	99	117	134	154	255	59	84	116	87	43	69	32	25	124	63	28	110	78	119	19	163	19
disease_spot17	33	148	49	51	209	88	51	59	35	102	61	113	108	31	95	43	152	81	88	90	79	31	42	125	56	67	85	161	53	97	54	63	60	59	31	74	68	93	50	49	43	176	59	81	62	69	82	83	39	112	76	42	43	61	35	94	76	16	18	110	36	79	13	100	84	26	141	89	70	131	48	100	47	75	50	37	77	51	82	148	98	110	211	34	112	102	58	56	62	16	27	83	43	56	154	86	100	19	132	26
disease_spot18	31	183	32	69	246	97	37	138	39	165	76	121	101	35	51	36	124	85	77	96	63	29	43	194	58	46	109	137	31	109	56	70	51	31	40	81	109	58	48	54	53	178	98	47	36	47	88	144	36	128	58	63	32	81	35	82	90	8	21	125	28	112	30	122	62	20	133	164	91	130	50	142	46	98	61	29	59	72	114	127	135	164	232	48	65	108	70	44	56	29	28	99	40	38	99	84	137	25	159	29
disease_spot19	66	178	33	81	318	101	61	105	38	90	81	135	120	46	72	42	104	119	108	137	96	36	67	178	73	67	87	114	52	98	63	91	34	78	74	126	87	99	75	54	57	223	119	64	49	53	69	107	50	130	86	63	56	81	39	88	117	18	23	119	57	115	31	157	91	34	142	151	154	175	49	143	81	130	81	38	88	67	119	162	141	188	218	70	114	168	55	68	108	21	28	140	60	46	95	82	116	29	111	12
disease_spot20	57	116	22	57	229	118	39	108	55	107	66	86	109	49	85	37	93	63	99	84	125	31	77	167	34	51	117	155	38	121	47	54	22	50	46	142	76	93	54	67	53	163	52	59	60	56	115	91	28	94	72	38	46	61	43	99	119	13	19	136	83	89	33	130	60	25	85	107	104	148	57	107	50	85	68	46	70	47	107	189	123	174	271	72	79	124	80	51	79	14	24	120	47	26	106	79	92	15	134	22
disease_spot21	58	164	40	55	258	88	52	109	54	127	85	128	142	53	67	47	129	81	110	107	100	37	67	131	53	65	90	145	59	108	58	58	34	59	85	153	87	64	54	39	74	174	78	67	52	52	92	160	63	127	70	35	38	91	52	92	123	30	22	93	48	94	17	137	87	40	118	138	92	111	52	113	76	109	63	37	69	59	97	148	159	132	211	45	101	126	81	47	59	14	23	73	30	43	103	126	85	19	140	32
disease_spot22	28	97	31	52	191	96	45	78	34	133	97	109	130	38	60	50	85	104	61	92	90	26	52	92	43	49	85	89	42	82	56	63	25	38	33	102	58	64	60	43	46	137	80	70	52	52	47	69	35	93	62	39	31	71	15	63	107	20	18	76	67	91	20	152	61	21	95	160	126	115	52	98	45	54	54	31	85	58	89	142	122	155	257	33	65	111	48	51	60	13	38	73	34	25	96	96	51	12	129	23
disease_spot23	34	128	63	67	246	127	69	112	50	137	68	180	133	43	65	44	128	82	111	123	119	25	57	140	71	43	153	132	46	112	40	39	50	62	63	100	95	100	78	48	60	140	87	80	56	64	98	168	47	154	49	41	45	70	25	82	102	11	18	176	52	86	30	157	63	26	107	146	94	122	53	87	80	114	51	33	66	64	120	127	122	165	280	47	121	135	62	67	76	23	28	164	68	34	95	83	131	16	111	43
disease_spot24	42	118	41	49	142	105	49	84	32	96	67	130	131	28	82	39	130	56	95	84	123	30	61	148	29	55	104	189	45	93	65	65	26	51	37	106	44	62	58	39	39	167	83	52	51	39	85	93	38	112	56	41	45	61	23	87	96	17	15	101	69	66	20	146	89	28	83	136	110	108	43	86	65	86	42	22	86	41	84	143	79	139	223	39	101	124	39	46	62	35	17	92	48	36	105	69	116	10	101	26
disease_spot25	33	119	51	72	262	100	39	83	71	138	89	158	156	31	81	37	115	80	104	129	102	25	81	154	61	75	112	156	54	127	81	95	46	68	38	153	78	105	63	42	64	205	104	59	30	59	75	100	57	99	68	59	55	54	40	118	119	24	28	129	79	77	30	155	72	39	109	102	97	113	49	173	73	131	42	20	71	51	170	177	122	198	250	38	143	147	76	51	76	22	32	86	36	45	139	96	98	17	113	26
disease_spot26	70	120	50	56	223	107	40	117	80	129	70	110	128	32	86	64	142	97	113	141	148	51	94	151	60	31	89	153	37	132	58	46	35	56	41	143	73	95	57	45	51	191	76	77	57	70	103	114	44	118	54	62	48	50	34	103	108	19	22	122	79	141	19	220	86	24	131	159	113	134	64	72	68	123	51	33	109	41	114	143	168	157	243	61	102	125	94	54	85	15	25	126	44	55	116	69	170	23	114	20
disease_spot27	42	189	35	42	211	97	57	111	30	138	73	135	125	49	78	44	108	100	103	129	78	20	69	155	68	29	102	105	64	124	45	63	31	40	41	74	89	80	67	44	59	204	86	50	52	42	72	155	40	118	79	37	42	65	23	90	98	25	18	99	54	105	22	161	63	24	112	126	111	97	34	72	55	113	34	37	102	46	125	112	104	144	317	54	82	138	89	40	85	16	30	160	62	47	80	54	131	26	120	27
disease_spot28	70	129	50	85	181	114	47	107	47	84	91	171	164	30	69	34	116	87	95	109	129	38	97	183	45	62	119	166	59	127	67	108	43	46	54	134	90	95	70	47	79	176	82	80	56	50	103	136	38	126	85	49	40	73	35	74	145	28	17	99	69	128	24	123	117	33	120	166	153	144	40	93	93	96	83	24	102	67	123	166	138	188	289	70	92	167	74	60	95	28	34	125	65	36	102	103	97	35	152	29
disease_spot29	60	165	46	72	294	82	71	83	53	136	72	132	146	38	72	61	170	69	80	110	126	66	58	177	61	62	68	116	51	91	69	130	53	66	52	126	77	86	88	65	54	191	85	76	39	43	60	116	52	130	60	51	42	60	38	79	101	13	18	82	52	97	30	132	50	42	134	124	112	104	49	98	60	88	63	30	110	74	103	175	139	126	245	41	90	138	54	69	68	34	22	76	43	22	147	97	122	17	130	29
disease_spot30	55	114	39	57	247	123	63	93	53	144	97	123	104	47	70	61	121	89	96	99	111	36	96	161	51	64	117	123	43	62	53	73	43	76	50	140	62	81	75	59	76	158	95	51	72	54	59	154	47	107	58	69	55	75	31	75	147	20	23	135	58	86	31	163	137	32	113	121	99	137	49	102	68	125	65	27	73	64	112	184	131	171	223	84	102	138	48	56	88	28	28	103	47	42	133	82	85	29	174	29
disease_spot31	25	186	63	59	247	112	60	73	32	146	61	159	151	62	67	52	105	94	91	100	125	71	68	124	62	32	111	154	51	149	65	86	38	62	73	112	94	93	73	32	59	192	83	64	52	65	78	138	50	134	71	43	44	63	45	102	105	20	19	94	57	117	23	123	85	40	149	163	128	110	74	130	66	128	74	35	88	59	131	121	130	137	289	93	155	114	62	88	63	29	23	129	43	37	137	91	110	20	146	24
disease_spot32	54	139	32	61	183	89	55	101	53	99	71	107	121	42	82	42	109	74	110	145	130	33	46	89	32	35	107	184	42	115	67	65	49	56	69	116	60	86	64	35	61	171	82	75	59	48	120	110	36	91	61	36	29	89	44	96	99	20	17	115	61	108	33	134	152	27	110	144	111	107	55	86	47	110	55	21	106	57	122	138	121	185	282	55	112	122	71	45	74	13	16	113	43	28	103	68	122	20	190	24
disease_spot33	78	181	36	56	210	89	47	88	49	154	78	109	133	42	73	39	147	65	95	108	100	42	93	165	48	49	141	170	44	57	72	49	44	50	39	128	71	75	55	36	62	155	93	51	61	43	67	173	51	123	102	24	32	81	25	75	124	18	17	104	44	95	14	117	83	35	75	182	147	107	42	90	69	104	73	48	76	72	105	115	132	145	283	57	121	144	55	60	84	26	26	93	63	44	88	71	176	16	140	17
disease_spot34	49	117	32	47	187	102	56	79	34	74	70	146	148	55	93	33	130	81	112	100	105	25	81	158	79	32	131	159	45	90	60	77	62	32	74	110	90	102	53	26	80	153	109	73	73	35	77	147	37	105	71	41	31	52	40	62	130	22	11	92	49	114	29	181	94	22	107	137	114	91	66	102	55	126	42	44	79	66	143	154	98	185	236	63	78	104	76	42	79	17	26	76	52	44	110	81	83	19	147	33
disease_spot35	52	132	38	54	210	129	54	98	29	121	33	143	119	31	39	49	111	74	66	93	111	37	51	143	85	58	103	128	43	93	73	60	41	73	60	106	108	60	81	64	50	166	103	57	35	49	84	115	36	168	82	32	48	40	36	105	143	15	21	110	73	111	28	148	97	28	112	133	109	166	39	112	102	90	52	39	79	46	84	159	104	123	225	65	107	173	105	45	68	10	22	97	60	42	94	113	80	15	154	19
disease_spot36	54	132	24	63	212	133	70	71	39	102	90	118	87	42	47	50	139	82	90	119	87	23	70	177	71	54	132	200	36	86	53	71	36	33	62	71	63	62	55	59	74	185	88	58	34	57	75	87	42	132	68	45	48	75	28	75	82	16	17	131	50	95	26	129	72	23	104	131	116	151	49	112	85	94	73	49	76	35	131	179	109	140	276	48	119	167	46	50	57	48	22	116	31	37	95	80	100	16	136	23
disease_spot37	53	121	31	45	258	109	40	107	62	111	72	136	147	41	54	27	78	80	100	157	117	42	39	145	43	45	104	125	55	94	52	66	28	45	37	106	95	56	69	39	65	219	81	55	52	51	63	102	60	98	89	51	40	70	26	75	82	29	22	124	51	98	23	108	58	33	109	152	77	125	40	118	61	115	50	41	90	79	95	209	130	140	292	59	109	112	95	37	42	21	23	91	55	33	101	54	76	12	129	21
disease_spot38	41	140	50	59	294	118	53	94	69	115	62	178	125	32	78	35	124	100	104	119	75	39	60	173	89	56	102	173	53	135	61	78	35	63	62	121	99	108	88	49	124	199	104	74	43	76	82	126	38	92	68	67	58	72	43	89	129	14	17	108	64	105	34	148	83	27	121	196	130	133	59	128	50	97	45	44	82	92	106	155	147	170	275	75	114	138	63	55	70	29	22	94	66	43	116	76	133	20	121	34
disease_spot39	61	138	26	45	233	137	52	83	60	108	67	143	121	58	51	19	143	80	94	110	136	27	56	135	64	54	120	153	32	106	57	60	46	60	57	104	74	113	85	41	75	133	77	65	48	56	69	127	43	162	79	50	53	60	32	84	104	22	13	139	51	90	24	161	80	29	110	126	131	171	63	134	89	72	58	41	129	74	98	188	153	198	213	38	101	139	61	51	71	31	40	93	49	46	97	104	100	33	130	19
disease_spot40	35	140	39	75	182	103	54	82	57	75	54	142	137	38	91	51	111	66	98	115	116	44	66	164	52	39	60	136	43	110	62	55	46	52	76	104	73	80	72	55	55	160	70	63	41	49	52	96	44	88	66	40	40	56	23	66	122	5	10	113	61	83	20	145	78	37	95	100	115	121	52	79	46	117	34	24	91	62	75	177	100	160	208	43	88	109	66	57	67	36	33	82	47	41	110	91	126	17	165	37
disease_spot41	29	171	35	53	243	95	56	133	35	112	51	132	149	47	53	33	131	87	87	98	90	30	61	133	33	38	97	139	49	134	53	53	46	59	32	100	60	74	87	46	64	176	82	62	47	59	87	112	44	126	75	35	30	109	30	94	123	17	12	102	33	63	37	142	57	23	118	114	95	123	49	61	63	94	80	29	73	43	118	139	109	168	173	52	126	127	60	68	88	37	13	97	45	44	84	86	85	19	120	18
disease_spot42	35	172	38	51	256	89	57	99	45	128	93	178	131	32	67	27	96	86	108	79	99	37	71	106	57	38	111	145	54	78	66	79	51	62	41	98	76	120	64	54	53	189	98	62	58	49	56	145	41	131	52	39	41	75	25	103	140	21	23	134	59	110	20	130	65	26	105	133	96	128	44	117	56	95	77	49	77	89	114	165	129	146	252	65	70	146	69	52	60	24	30	144	40	44	93	90	150	23	125	26
disease_spot43	33	149	45	75	287	109	49	100	72	121	52	136	107	34	82	38	138	102	94	112	135	38	57	162	69	47	87	157	42	110	47	37	48	57	52	146	87	109	65	37	49	207	86	62	54	47	62	104	77	171	63	37	47	41	29	75	127	12	22	126	48	95	36	162	101	33	108	110	126	165	75	118	73	102	76	27	97	71	95	109	129	190	272	40	130	135	96	57	70	39	15	103	57	32	117	90	124	20	121	15
disease_spot44	49	131	47	81	216	116	55	105	43	129	84	125	130	41	129	47	128	97	105	167	131	28	106	161	52	58	121	216	47	110	65	73	53	45	55	115	83	105	57	49	87	188	84	52	73	52	92	113	23	113	73	59	42	80	42	111	156	14	21	101	58	113	47	190	77	29	106	118	91	142	37	94	62	98	65	30	74	71	98	152	146	216	284	62	99	108	84	50	74	35	32	137	36	33	117	79	122	17	174	44
disease_spot45	40	112	19	62	215	91	34	128	49	101	60	107	130	42	79	36	115	83	101	118	83	19	52	98	37	36	111	130	24	137	67	53	42	22	46	86	67	82	64	30	47	145	72	39	48	40	77	132	37	138	77	32	59	78	26	59	88	18	18	90	74	68	28	157	76	25	126	141	89	115	56	85	74	88	64	62	80	43	96	129	123	169	288	43	101	104	46	52	71	19	23	83	41	33	116	78	116	18	103	22
disease_spot46	59	150	34	83	354	107	64	113	64	158	89	130	165	65	68	60	134	109	96	126	101	34	68	150	55	40	130	183	46	83	69	86	44	59	48	101	88	81	84	46	59	195	95	89	62	46	93	122	39	126	73	62	64	58	40	106	147	21	23	150	66	120	44	174	102	23	109	167	111	144	75	153	70	77	48	42	91	74	113	210	151	184	326	68	112	156	74	83	76	22	28	103	40	37	127	91	92	14	178	43
disease_spot47	63	140	25	47	206	90	50	117	45	124	107	110	134	56	81	51	112	73	79	83	87	35	60	133	51	66	105	130	49	160	68	65	23	63	54	123	51	76	57	45	57	248	95	61	46	38	80	118	45	133	58	45	55	67	48	99	111	9	22	162	62	115	22	178	85	17	113	113	100	143	63	101	61	122	91	41	107	46	96	149	130	162	217	67	98	124	88	75	67	31	15	102	49	28	139	98	116	10	115	34
disease_spot48	39	110	46	64	256	105	50	100	56	130	85	127	119	44	114	50	98	83	116	113	103	45	82	145	60	46	121	133	46	146	63	65	35	67	64	91	53	130	53	51	86	158	104	39	49	51	73	97	50	108	72	47	57	67	27	92	103	13	25	114	66	126	28	153	70	22	109	160	113	134	60	85	75	116	55	49	70	58	82	165	144	191	289	45	110	159	124	39	80	27	19	136	42	34	90	107	100	34	143	31
disease_spot49	29	118	37	56	189	107	58	71	46	92	110	107	129	37	78	61	116	86	75	136	129	59	93	145	45	29	95	149	42	85	52	62	33	44	50	90	81	93	51	54	92	160	95	46	47	32	83	112	58	107	54	44	54	66	29	90	116	18	14	93	56	84	29	171	86	34	104	154	101	129	59	102	63	109	48	37	107	45	113	126	131	182	222	51	83	135	85	42	53	37	34	105	48	35	67	84	92	28	118	32
disease_spot50	67	152	34	63	280	126	45	111	32	108	82	138	152	46	69	50	134	92	116	80	119	44	85	109	68	40	97	115	60	111	54	69	55	36	36	157	89	78	62	37	73	172	106	67	57	40	55	115	40	104	65	44	40	66	48	92	124	22	17	109	47	104	23	142	55	32	90	162	88	126	53	78	85	125	93	28	84	52	97	129	134	177	283	55	127	127	38	56	51	18	25	126	77	33	116	91	115	18	114	31
