"gene1"	"gene2"	"gene3"	"gene4"	"gene5"	"gene6"	"gene7"	"gene8"	"gene9"	"gene10"	"gene11"	"gene12"	"gene13"	"gene14"	"gene15"	"gene16"	"gene17"	"gene18"	"gene19"	"gene20"	"gene21"	"gene22"	"gene23"	"gene24"	"gene25"	"gene26"	"gene27"	"gene28"	"gene29"	"gene30"	"gene31"	"gene32"	"gene33"	"gene34"	"gene35"	"gene36"	"gene37"	"gene38"	"gene39"	"gene40"	"gene41"	"gene42"	"gene43"	"gene44"	"gene45"	"gene46"	"gene47"	"gene48"	"gene49"	"gene50"	"gene51"	"gene52"	"gene53"	"gene54"	"gene55"	"gene56"	"gene57"	"gene58"	"gene59"	"gene60"	"gene61"	"gene62"	"gene63"	"gene64"	"gene65"	"gene66"	"gene67"	"gene68"	"gene69"	"gene70"	"gene71"	"gene72"	"gene73"	"gene74"	"gene75"	"gene76"	"gene77"	"gene78"	"gene79"	"gene80"	"gene81"	"gene82"	"gene83"	"gene84"	"gene85"	"gene86"	"gene87"	"gene88"	"gene89"	"gene90"	"gene91"	"gene92"	"gene93"	"gene94"	"gene95"	"gene96"	"gene97"	"gene98"	"gene99"	"gene100"
"normal_spot1"	96	48	32	157	84	126	37	135	54	115	192	111	108	27	97	37	45	53	38	35	141	59	289	9	151	218	42	11	13	156	44	59	267	55	94	14	114	214	64	106	76	71	76	181	122	133	34	10	59	69	113	76	48	56	67	107	68	230	192	283	56	38	40	107	160	26	74	28	8	295	88	200	32	112	9	76	94	23	100	109	127	49	123	82	173	15	39	116	140	8	66	102	48	49	44	118	124	55	29	182
"normal_spot2"	92	40	11	142	73	121	25	144	58	87	189	92	126	31	66	60	40	63	32	49	62	41	197	10	135	225	43	24	24	160	31	46	236	29	108	10	93	170	56	93	79	83	65	154	133	151	20	7	55	84	113	79	51	57	51	106	90	176	180	234	34	11	26	187	116	20	66	26	12	259	59	190	56	112	24	150	141	26	68	111	93	25	74	64	123	8	25	117	121	15	62	78	46	42	16	94	111	42	14	197
"normal_spot3"	109	43	31	156	74	127	26	121	49	62	149	126	82	28	90	28	31	55	23	42	69	75	232	2	148	198	41	24	22	179	53	49	198	44	61	26	124	184	35	105	91	63	75	153	97	101	18	13	51	86	128	58	43	55	62	56	74	186	124	224	39	25	32	118	116	28	56	43	11	233	68	206	24	97	11	76	139	32	107	83	83	36	97	63	140	8	42	100	107	12	68	63	52	34	18	111	138	46	20	231
"normal_spot4"	113	51	14	186	63	111	35	71	46	91	173	76	99	45	51	60	31	60	47	28	84	29	290	14	144	271	34	20	19	236	47	45	260	30	117	13	96	156	52	90	92	70	63	175	110	96	28	11	35	101	119	62	40	96	54	90	66	189	145	244	31	27	44	145	141	19	72	42	14	306	88	168	59	90	30	68	104	28	80	110	127	22	93	71	163	9	47	121	140	15	59	123	40	76	28	90	140	39	48	196
"normal_spot5"	97	83	12	147	63	135	20	102	38	102	138	109	118	32	56	41	29	102	25	28	74	33	175	5	124	211	31	28	32	159	47	47	227	29	129	15	110	176	50	103	78	53	88	143	101	94	16	11	42	92	123	48	57	66	65	76	67	179	175	192	43	36	36	111	93	21	104	45	21	270	70	221	32	105	31	70	114	30	96	82	126	45	91	83	171	12	32	84	89	8	84	121	45	37	50	83	154	52	20	233
"normal_spot6"	111	59	27	162	54	152	28	75	39	120	150	137	106	20	57	48	55	60	41	26	106	39	197	20	181	230	23	18	34	227	35	52	260	40	114	15	112	181	52	97	69	83	95	164	119	97	19	19	69	76	129	53	31	69	44	97	62	193	140	227	33	35	34	116	183	35	84	37	10	243	62	170	40	96	17	72	114	24	115	94	91	34	77	54	167	15	22	92	128	14	65	83	42	31	26	80	123	36	20	218
"normal_spot7"	97	75	25	192	108	131	31	139	50	116	153	86	138	43	67	38	45	55	35	62	84	34	275	11	207	232	21	16	24	215	48	56	205	44	123	16	104	190	54	108	83	94	105	167	113	100	14	33	32	103	127	86	52	61	57	99	66	313	180	339	59	33	20	168	215	27	96	31	8	333	126	215	22	100	22	97	106	43	83	96	133	48	114	82	151	27	30	113	138	15	92	158	88	40	20	97	162	61	26	240
"normal_spot8"	102	64	23	200	58	119	26	146	51	109	147	122	131	41	62	49	54	62	41	30	78	40	261	16	126	257	21	21	30	198	32	48	211	37	95	25	115	172	47	79	105	89	102	189	145	134	31	4	39	120	151	58	58	55	79	82	100	171	187	201	30	30	36	86	113	28	116	39	22	331	77	164	23	83	28	78	103	46	76	88	134	23	107	46	160	12	30	66	145	21	63	104	50	53	21	92	136	47	25	193
"normal_spot9"	83	60	29	148	73	125	23	112	67	108	187	148	111	32	74	80	48	75	65	37	115	44	202	9	158	216	27	18	20	162	58	62	249	42	110	19	119	176	42	82	130	98	72	209	146	114	32	14	56	72	147	46	50	52	66	125	92	162	170	204	33	21	53	97	122	34	97	24	11	286	83	208	30	96	19	66	136	39	103	88	108	26	85	139	179	9	36	65	144	36	73	106	72	47	31	118	115	79	17	257
"normal_spot10"	102	44	39	140	81	141	52	112	38	99	168	109	113	26	75	42	38	82	36	50	96	40	253	13	162	213	32	27	31	197	39	36	275	38	100	22	116	174	52	92	58	64	78	178	135	87	38	15	41	91	168	55	52	39	38	97	73	233	208	256	43	17	35	153	146	24	78	41	5	295	63	181	49	81	17	142	156	42	124	89	144	18	98	73	162	13	36	93	119	29	66	111	38	65	21	94	156	25	20	245
"normal_spot11"	107	53	31	174	61	139	32	105	61	90	163	114	120	32	89	49	42	65	47	18	80	49	223	8	161	211	38	22	27	196	44	75	241	39	101	36	121	236	77	92	65	70	75	173	175	101	29	12	45	95	107	61	57	63	69	73	49	182	189	274	42	44	37	123	107	39	85	37	12	250	90	200	50	113	13	87	122	26	101	116	123	35	161	72	192	6	53	96	140	50	86	91	56	47	24	104	158	43	24	179
"normal_spot12"	73	70	21	209	89	116	35	121	71	86	203	122	104	47	42	57	59	66	31	26	103	41	227	24	123	231	19	19	22	175	48	61	222	75	117	12	114	214	34	100	108	76	85	182	130	126	25	22	63	90	122	80	64	55	58	118	109	208	208	290	28	31	23	158	152	21	133	48	12	331	144	223	43	135	23	107	141	39	61	65	86	28	124	65	158	11	39	92	138	34	68	102	63	101	34	137	157	47	25	202
"normal_spot13"	107	85	25	160	63	118	23	114	61	87	246	105	100	36	92	40	38	74	34	36	117	39	244	10	125	175	37	11	13	158	46	53	166	52	95	7	104	141	59	100	77	65	77	161	131	182	32	10	56	85	120	51	35	46	49	121	77	217	132	216	46	15	48	135	104	23	106	40	14	301	82	225	45	102	24	135	125	44	65	114	124	28	89	61	133	19	43	86	144	19	52	109	53	53	67	113	131	56	39	202
"normal_spot14"	100	54	26	200	95	149	47	122	55	158	153	138	129	40	65	44	48	74	34	46	96	35	300	17	128	222	29	31	28	179	66	61	219	31	82	25	125	211	43	107	81	106	78	199	138	110	25	14	42	82	133	35	45	62	58	91	103	197	172	225	39	28	29	117	130	36	92	35	16	302	69	175	43	83	40	195	117	50	86	91	134	39	95	95	126	12	31	100	125	22	53	91	68	52	28	67	131	46	37	201
"normal_spot15"	94	66	21	183	73	91	41	118	54	119	173	131	121	34	56	61	45	65	41	36	98	41	276	7	128	252	32	36	21	182	53	45	180	34	95	15	113	152	48	112	82	63	75	187	105	162	23	19	56	85	148	52	38	44	38	115	76	196	160	225	37	17	31	143	129	29	86	33	16	302	85	172	28	93	32	105	115	34	95	73	157	46	124	72	140	13	37	87	132	28	66	94	59	47	37	132	95	34	55	216
"normal_spot16"	109	64	23	151	82	109	35	109	52	96	167	140	133	16	55	59	43	79	31	38	99	48	214	32	151	250	36	18	35	220	47	68	270	39	121	14	159	195	51	70	102	99	76	222	134	87	41	23	62	120	173	56	63	78	99	89	102	300	183	250	39	32	21	158	141	40	85	22	9	251	75	234	28	94	17	111	123	48	93	76	120	21	103	48	172	12	41	119	110	18	63	119	47	70	17	96	168	89	38	243
"normal_spot17"	74	41	26	151	81	118	27	98	38	100	178	119	116	41	68	55	52	68	35	25	94	31	244	9	133	212	23	10	25	195	65	73	295	25	64	16	114	198	31	98	60	115	71	139	122	143	24	13	51	82	119	58	42	59	75	71	105	160	141	202	35	17	41	126	112	30	85	35	11	237	85	181	64	83	34	74	143	37	92	135	92	29	118	75	136	17	30	78	125	25	59	96	82	38	32	75	114	44	16	163
"normal_spot18"	96	39	15	174	83	127	52	142	25	147	147	78	154	30	45	73	45	76	45	25	131	43	309	29	125	222	24	21	22	157	48	61	203	35	119	11	137	197	62	154	78	99	83	208	108	113	22	12	65	75	137	55	44	58	63	84	99	211	172	213	54	21	52	143	165	21	98	32	8	320	78	207	40	103	23	95	128	45	67	89	122	43	90	65	158	19	32	104	116	22	90	90	46	53	24	89	155	55	28	214
"normal_spot19"	71	83	13	156	65	100	18	114	45	101	206	97	136	30	65	39	28	79	45	30	90	33	189	13	68	231	22	19	13	154	50	51	181	46	108	9	111	169	53	97	75	71	99	201	84	140	26	19	37	105	138	50	41	37	57	101	49	127	155	183	35	35	43	93	116	19	93	53	13	308	81	192	49	71	24	79	121	37	68	104	104	29	100	48	169	15	39	86	132	21	63	90	46	41	33	105	115	36	30	156
"normal_spot20"	127	72	30	168	65	112	25	102	57	102	197	158	149	28	103	66	53	59	34	31	86	40	210	12	134	214	45	19	20	196	59	48	241	51	94	24	106	188	45	85	104	54	103	150	102	150	28	8	65	67	114	61	43	59	42	94	68	201	134	265	50	39	36	118	135	36	103	46	10	239	75	206	44	94	15	112	132	25	84	97	132	15	108	120	162	20	25	103	133	22	67	102	54	40	27	120	178	35	21	185
"normal_spot21"	94	49	20	158	88	136	25	150	43	92	154	133	91	42	62	48	47	84	31	38	74	38	256	21	128	235	22	20	31	109	53	49	232	33	105	10	131	175	62	95	102	93	73	182	110	63	26	15	40	92	128	67	41	32	66	91	132	160	136	200	42	21	33	110	125	29	99	32	20	297	96	183	37	110	40	125	127	27	92	82	115	34	103	52	150	15	28	111	117	20	68	146	60	65	36	72	127	51	46	193
"normal_spot22"	84	54	15	145	85	115	23	167	43	89	149	110	116	22	87	57	54	74	34	29	90	39	176	23	124	200	36	12	34	128	32	31	228	56	81	21	78	181	27	91	74	82	94	171	95	112	13	22	61	123	116	51	23	57	51	80	50	184	139	263	50	39	19	163	140	30	66	59	11	311	97	158	29	94	18	68	113	52	86	125	110	34	98	72	198	10	37	85	122	20	38	79	66	26	35	85	102	37	20	227
"normal_spot23"	100	72	13	199	94	138	27	106	49	114	165	118	149	46	88	53	71	58	43	34	114	34	299	8	136	289	35	25	23	153	58	68	261	41	115	12	107	216	37	116	91	69	102	202	124	77	43	23	36	84	141	91	70	66	66	81	71	219	208	253	46	23	36	116	109	34	100	52	9	343	113	143	46	110	30	77	127	45	117	70	99	45	148	66	215	17	43	86	110	25	61	147	117	47	52	115	167	36	41	234
"normal_spot24"	71	71	17	153	81	103	23	98	34	139	174	107	91	33	82	55	46	52	46	32	81	38	249	30	191	261	40	25	27	216	52	51	251	58	102	25	90	177	41	124	55	69	97	205	143	122	32	14	53	128	147	41	48	52	54	83	85	162	115	221	37	22	26	103	175	34	90	30	14	221	66	191	39	89	17	83	101	45	88	91	140	23	98	66	167	11	34	94	123	20	69	86	45	51	29	86	127	54	48	186
"normal_spot25"	81	35	14	160	83	116	20	109	38	105	164	125	103	26	78	50	54	59	25	38	74	52	257	16	158	192	27	14	28	147	42	58	221	28	106	27	81	198	34	94	56	70	105	94	115	97	16	17	71	66	108	60	38	50	48	71	92	227	125	259	41	24	33	115	183	23	63	41	12	275	55	233	29	82	27	123	118	52	82	96	129	21	118	55	148	11	42	74	96	14	59	116	46	35	18	89	158	38	23	164
"normal_spot26"	88	65	10	187	70	130	36	114	54	89	187	84	108	34	67	81	34	53	45	33	105	47	210	31	141	233	22	12	16	179	46	41	234	39	92	5	89	221	25	75	76	67	92	161	144	145	17	16	40	101	114	65	58	51	55	72	75	192	162	201	33	24	30	121	120	21	79	26	9	287	107	232	47	75	39	88	88	51	66	87	119	26	105	71	134	22	23	79	109	9	62	110	38	17	31	98	131	68	33	205
"normal_spot27"	98	64	20	132	60	115	22	128	62	104	216	134	115	45	97	75	47	62	46	24	99	52	206	18	155	213	30	14	14	186	34	63	211	50	81	22	123	189	39	103	80	66	108	232	132	157	36	12	45	112	155	42	44	58	52	71	91	164	146	219	40	27	28	94	110	23	72	36	6	316	76	238	35	102	21	74	121	66	136	108	114	56	69	68	147	15	31	81	130	28	58	96	59	47	28	103	166	51	21	179
"normal_spot28"	86	62	12	135	61	105	22	121	34	105	152	118	115	20	75	43	54	57	42	40	77	51	190	14	100	256	21	21	21	166	33	75	204	36	131	23	159	168	33	94	50	78	78	164	111	139	20	16	46	92	129	52	42	49	48	89	54	244	147	219	40	16	22	136	144	22	51	27	5	236	62	165	44	60	23	61	109	33	67	91	95	44	104	82	132	13	31	80	97	18	63	84	56	50	16	88	171	24	26	175
"normal_spot29"	68	77	26	160	68	64	40	125	42	85	175	103	121	29	68	37	45	42	49	28	105	43	217	28	117	210	12	16	20	197	43	52	166	42	100	5	103	144	27	85	93	104	74	200	124	115	14	13	46	92	75	70	58	50	62	87	85	265	133	189	24	14	37	109	76	29	90	29	9	259	61	205	34	52	16	55	104	25	75	78	89	18	102	64	146	17	29	72	116	15	59	67	67	35	14	79	99	66	31	157
"normal_spot30"	108	32	29	154	106	166	21	118	50	97	140	105	107	15	52	51	57	81	37	30	87	48	192	10	134	185	32	21	32	148	47	42	288	38	110	14	122	148	69	89	77	67	86	159	118	131	27	14	64	114	119	59	48	62	51	118	67	146	138	252	53	10	39	178	137	22	72	22	6	247	65	190	41	104	20	81	121	19	86	86	131	21	88	53	152	16	29	76	116	19	86	146	62	44	16	55	151	33	17	244
"normal_spot31"	91	103	25	164	70	111	35	89	43	97	155	101	89	26	67	38	36	101	44	28	91	34	224	7	146	247	21	31	44	165	52	54	213	46	115	18	97	189	65	91	48	63	99	173	112	121	33	11	64	89	123	50	54	65	61	84	56	241	165	213	36	28	25	82	137	10	85	43	15	302	105	178	31	65	21	91	99	37	84	101	109	15	104	65	141	9	20	107	94	14	67	91	39	12	19	57	115	33	15	174
"normal_spot32"	113	52	23	206	67	165	36	167	54	85	197	155	125	53	66	62	60	78	46	23	92	50	255	16	152	281	35	25	42	162	46	54	283	48	130	17	133	219	65	115	67	89	92	187	147	170	39	11	72	96	132	63	56	58	82	117	94	225	215	253	69	27	41	192	173	24	97	32	6	325	84	208	54	114	37	113	113	56	74	113	129	32	150	71	218	17	21	137	155	15	64	124	58	36	32	109	157	60	24	223
"normal_spot33"	96	49	29	137	63	108	27	93	36	96	186	122	96	29	68	49	36	68	19	34	86	57	186	13	105	204	33	24	9	152	35	38	278	40	98	24	119	166	40	108	81	79	82	163	123	157	29	13	61	87	119	57	47	40	51	78	64	192	165	243	36	35	19	111	160	17	93	17	9	211	84	204	26	80	23	95	118	32	99	112	101	26	96	70	174	21	34	77	89	10	64	103	36	64	27	86	187	43	19	219
"normal_spot34"	106	78	20	178	79	137	19	134	58	140	157	122	161	22	67	48	45	64	50	38	87	56	279	30	91	238	33	40	23	188	36	45	242	42	126	16	123	199	50	100	105	108	98	184	118	139	27	18	51	102	122	82	54	76	75	98	76	180	183	293	47	16	52	129	143	16	90	35	9	378	95	214	27	99	32	115	127	32	104	83	109	34	101	70	155	24	53	65	141	13	77	105	72	61	36	100	167	59	32	218
"normal_spot35"	91	45	15	139	73	99	18	123	38	99	177	146	88	21	46	53	40	47	25	36	86	24	167	9	94	145	40	14	16	122	44	25	146	33	78	14	82	163	47	67	67	68	95	172	66	120	32	9	48	68	78	53	41	41	26	90	36	176	138	185	34	29	34	74	80	28	53	21	14	219	90	185	25	74	11	76	84	24	66	80	110	15	91	28	123	14	28	100	104	10	60	120	65	47	23	105	106	60	35	137
"normal_spot36"	141	56	15	130	65	144	31	145	64	125	203	147	87	33	64	77	55	59	26	49	105	39	213	38	173	194	26	29	24	168	44	41	266	38	86	10	101	213	32	91	87	96	86	220	102	125	26	24	53	64	161	40	37	53	58	111	60	225	175	263	44	36	37	139	129	15	123	18	9	200	73	224	43	129	33	105	129	33	78	110	136	32	115	55	182	14	28	111	118	16	55	90	69	58	30	102	144	72	14	276
"normal_spot37"	83	45	30	191	68	153	33	128	58	98	200	108	107	29	70	38	41	57	31	34	105	48	249	23	143	226	55	27	20	175	36	51	234	31	86	20	100	195	49	68	104	86	100	188	125	116	16	17	45	72	127	63	36	62	74	105	72	222	144	241	37	31	37	105	147	35	87	43	9	239	46	203	48	127	24	84	95	20	74	96	103	26	125	66	143	17	36	104	114	19	69	97	61	45	45	124	172	96	38	176
"normal_spot38"	90	82	27	171	43	126	25	136	34	111	166	127	125	28	50	36	42	66	30	29	120	45	228	12	106	218	30	35	33	164	30	57	239	43	109	10	111	190	60	95	101	90	83	164	121	154	28	15	30	84	127	68	53	45	70	118	120	164	223	193	47	29	42	161	147	29	98	34	12	268	92	182	45	86	27	74	94	44	82	81	132	37	107	76	162	19	35	115	125	13	49	88	44	50	25	142	128	67	33	203
"normal_spot39"	107	73	28	170	77	151	31	87	43	125	173	115	86	23	77	62	33	70	29	63	72	28	208	22	168	249	29	19	17	213	47	59	201	25	114	13	92	193	60	93	60	61	96	143	122	134	14	21	68	84	144	63	58	60	45	83	97	159	192	240	46	19	43	111	117	20	116	38	10	252	124	211	37	84	19	60	99	21	74	107	128	32	116	59	137	18	69	99	143	19	82	118	39	32	19	101	174	40	24	224
"normal_spot40"	114	65	18	137	78	125	29	94	41	94	182	129	90	22	101	44	29	57	40	31	87	27	215	13	141	236	31	23	28	143	33	65	223	45	115	10	84	128	54	103	69	92	110	193	134	145	34	18	42	95	140	44	39	56	51	106	105	208	149	261	46	18	31	107	150	19	75	50	9	298	114	181	38	106	24	85	100	51	117	115	91	35	92	78	149	6	23	86	110	19	59	120	38	17	17	112	118	66	11	282
"normal_spot41"	95	76	17	142	76	147	33	113	28	82	182	71	97	18	55	39	40	40	26	47	79	39	235	12	117	206	20	20	30	254	50	44	189	40	80	16	108	147	41	102	63	74	69	136	102	110	47	18	43	66	87	52	64	47	49	79	72	185	161	196	36	29	34	107	142	16	103	43	8	313	75	180	37	83	21	79	97	17	77	94	81	25	100	71	158	16	39	72	138	22	52	114	60	63	36	96	115	34	25	163
"normal_spot42"	71	45	23	175	70	131	27	99	55	74	193	129	121	26	69	59	49	62	34	35	116	38	240	23	161	213	35	29	14	147	55	60	261	34	109	16	116	233	32	91	82	99	92	114	122	141	18	17	50	107	162	75	40	33	49	83	105	244	159	268	45	12	33	135	150	19	84	20	9	297	98	230	25	80	20	73	142	47	84	93	120	39	103	60	130	14	31	108	107	17	44	80	54	42	26	126	141	60	36	213
"normal_spot43"	98	41	18	163	73	117	32	129	41	145	207	93	129	19	85	37	48	55	58	29	116	50	277	37	146	215	32	28	30	151	45	51	252	42	105	17	107	209	61	118	75	81	70	175	118	116	14	21	65	123	140	55	54	49	80	113	87	263	180	229	40	32	23	145	167	22	75	34	17	277	70	197	33	109	20	95	128	48	111	81	103	61	113	78	152	16	24	94	106	13	63	113	70	19	28	111	133	59	28	193
"normal_spot44"	92	47	21	197	91	128	31	108	49	83	167	95	131	24	82	67	59	44	44	32	91	47	222	19	116	223	34	27	33	156	44	37	322	58	123	11	114	228	29	127	86	98	83	229	131	115	26	19	59	103	114	63	56	67	55	82	114	209	202	310	60	22	34	139	191	24	76	25	11	297	94	240	36	108	39	82	147	32	115	115	101	42	103	59	179	12	33	90	130	21	77	155	70	46	27	99	173	46	23	245
"normal_spot45"	62	62	32	207	83	115	47	135	61	114	191	137	116	40	84	42	59	77	43	22	104	44	247	6	167	234	18	31	23	176	52	58	242	50	117	11	157	237	31	112	48	96	98	175	135	137	22	15	51	87	125	64	42	55	62	73	87	156	203	241	41	31	44	127	151	33	82	46	7	333	130	231	52	86	34	104	127	52	91	76	106	19	110	62	145	7	61	106	135	22	51	138	76	30	44	106	202	38	34	211
"normal_spot46"	99	46	27	143	122	147	39	119	36	68	191	147	158	16	83	40	56	78	31	25	113	26	240	7	97	240	52	33	22	149	42	47	232	38	116	13	111	210	65	105	92	84	66	163	120	90	34	15	35	68	130	88	35	46	32	111	81	184	219	266	52	17	51	137	176	25	85	29	12	290	82	190	40	89	27	89	120	23	100	71	115	37	132	78	149	12	28	80	122	18	84	119	57	48	18	91	110	59	11	263
"normal_spot47"	111	69	20	132	68	121	34	101	44	84	207	155	101	30	89	48	44	52	39	19	104	25	179	21	169	202	51	39	31	152	37	72	260	42	99	26	127	212	45	122	93	77	117	187	118	177	27	15	52	122	141	41	57	63	63	115	94	223	122	230	48	20	52	138	150	49	103	38	16	302	79	255	26	94	34	73	124	41	97	89	113	20	104	76	171	19	17	113	113	8	51	90	50	29	26	149	124	49	27	210
"normal_spot48"	77	56	17	130	75	144	17	116	73	95	169	132	109	21	95	40	35	50	28	36	81	54	236	31	170	228	19	16	27	171	43	43	214	41	98	5	78	183	39	94	63	65	86	209	103	129	18	14	58	85	119	73	60	50	40	97	95	217	152	236	36	14	37	122	160	13	74	35	5	283	70	160	45	87	36	98	114	22	66	112	105	20	107	60	138	20	30	90	113	20	54	83	40	53	16	105	129	52	17	156
"normal_spot49"	78	47	20	162	74	139	19	112	56	98	214	122	121	27	106	34	27	57	36	30	103	27	230	25	144	217	28	27	11	160	37	50	224	40	89	15	102	187	46	125	92	66	85	167	108	137	25	19	68	124	125	44	38	71	40	109	59	168	168	275	45	16	30	112	116	31	95	30	9	219	83	262	33	145	20	105	136	55	98	95	112	49	74	42	164	8	24	89	137	6	80	97	56	25	35	122	101	81	37	184
"normal_spot50"	68	66	20	134	55	118	34	119	48	103	187	137	100	31	79	45	31	58	37	22	97	50	183	22	211	207	33	30	20	144	32	35	306	28	111	17	124	220	44	64	89	68	71	144	132	117	18	16	48	89	99	66	53	63	65	89	76	194	141	298	37	22	26	162	135	17	104	26	6	245	57	217	26	122	11	84	105	23	98	93	142	24	79	63	114	14	38	136	114	16	80	104	36	53	24	112	183	62	21	169
"normal_spot51"	88	52	27	174	77	99	23	119	34	131	242	125	120	18	63	42	46	69	18	35	102	43	234	15	118	194	17	28	36	124	59	43	257	40	85	17	125	225	42	100	76	92	87	142	143	112	24	21	47	67	108	68	36	48	70	72	77	257	181	266	49	44	41	129	165	19	91	35	8	291	99	227	63	111	33	87	122	34	120	98	112	33	158	61	158	16	28	130	109	18	62	99	59	37	16	96	153	57	25	239
"normal_spot52"	123	79	30	194	82	104	31	99	37	117	159	143	167	53	57	51	58	81	48	29	122	33	297	20	98	286	38	13	31	170	52	43	210	46	103	10	90	179	35	114	86	80	111	202	111	125	44	15	49	101	167	67	62	73	51	99	82	177	202	197	59	32	47	98	152	24	96	54	10	317	75	194	36	70	35	81	111	41	109	115	139	21	119	76	157	14	26	83	103	21	69	85	77	37	26	102	128	77	24	221
"normal_spot53"	121	63	9	151	95	103	21	118	52	123	187	144	168	23	82	58	59	58	56	38	102	27	244	17	118	198	26	13	33	175	60	52	230	27	132	6	120	197	35	80	75	68	79	176	117	94	22	16	45	80	170	54	69	55	64	96	91	206	183	220	35	42	24	116	110	26	98	44	6	247	96	185	70	109	31	85	133	32	108	83	107	16	112	92	193	21	9	122	100	17	61	80	44	54	25	101	118	58	49	175
"normal_spot54"	94	78	18	146	49	122	26	132	52	102	157	109	145	30	63	92	32	59	35	38	88	46	287	25	134	236	35	19	19	170	47	34	230	52	94	17	119	173	52	90	82	91	96	202	106	137	18	10	58	56	87	76	52	66	59	98	74	175	140	286	46	23	27	135	146	26	94	31	12	315	106	167	36	119	36	128	111	27	93	89	91	26	110	73	165	27	22	104	121	6	63	116	73	45	26	87	154	51	35	219
"normal_spot55"	99	42	33	168	81	118	16	154	58	120	211	102	117	34	57	56	43	67	42	26	101	48	235	8	149	231	31	33	30	190	43	44	205	42	105	10	135	199	48	128	76	92	74	243	118	159	27	17	52	116	146	74	58	46	49	95	72	178	176	229	50	40	45	134	163	28	80	45	16	333	77	192	55	88	32	87	102	41	84	98	128	22	110	63	142	20	32	93	156	18	66	104	56	53	21	95	115	23	27	163
"normal_spot56"	103	71	23	145	47	122	29	119	72	96	211	134	142	40	75	51	37	68	43	36	86	54	243	15	103	252	27	27	20	169	57	89	242	47	89	17	124	179	60	114	92	93	103	174	127	93	36	21	40	79	132	56	53	82	45	99	77	253	164	242	55	31	41	170	159	33	98	36	7	288	73	212	43	105	31	82	124	28	100	108	129	27	96	52	165	20	38	90	148	15	55	109	57	60	20	157	147	52	12	250
"normal_spot57"	102	64	21	146	68	109	25	106	56	103	151	85	119	22	55	57	51	79	34	25	70	23	231	33	104	262	24	17	36	151	42	36	211	53	76	15	109	189	30	135	73	69	80	161	112	95	20	11	44	69	122	73	31	65	44	51	72	164	167	238	46	35	37	107	113	26	96	25	10	306	102	166	35	79	22	107	138	23	80	87	117	28	128	59	123	14	26	106	93	20	39	115	71	49	29	76	125	48	38	224
"normal_spot58"	122	44	13	146	48	99	19	114	39	106	176	113	137	44	72	48	38	62	27	26	100	21	247	14	190	216	24	6	22	159	32	61	220	40	105	18	94	173	34	94	71	68	94	169	138	139	22	12	42	78	102	54	39	39	51	59	60	212	146	195	18	15	24	123	141	20	96	22	10	304	108	203	32	82	30	93	125	28	63	106	105	22	148	88	181	13	32	99	126	13	61	97	33	38	16	100	142	49	28	169
"normal_spot59"	89	77	42	205	67	118	44	114	59	93	207	126	119	37	83	53	49	58	43	53	99	71	248	18	138	198	35	32	14	197	77	36	312	63	73	17	110	182	61	80	108	69	106	213	137	111	22	12	45	86	133	57	42	81	43	96	81	240	179	259	53	39	43	125	160	37	108	31	14	273	69	256	57	97	24	97	160	41	115	112	128	42	99	71	170	16	50	90	109	22	99	115	39	42	26	123	136	69	34	261
"normal_spot60"	94	39	24	125	66	148	23	134	50	120	197	129	136	36	73	56	38	50	45	47	89	60	218	14	164	230	18	33	21	224	49	59	271	37	98	22	110	207	47	102	80	89	98	170	120	72	20	21	73	91	136	70	37	73	61	106	37	143	178	291	28	24	51	150	155	18	107	42	5	291	85	204	63	106	30	94	130	30	89	130	126	41	126	89	160	7	54	102	120	15	71	121	51	50	27	112	167	76	35	254
"normal_spot61"	98	45	20	179	55	97	26	102	46	105	189	128	136	34	83	39	39	64	36	39	85	36	234	15	132	253	35	16	23	196	44	41	192	40	101	19	113	187	62	90	72	59	60	191	115	173	17	30	46	79	142	71	48	51	54	88	65	175	126	139	38	24	31	107	161	21	88	23	6	291	79	179	28	78	17	75	136	29	106	97	96	31	118	76	146	13	33	92	163	16	58	89	73	47	40	130	136	50	30	237
"normal_spot62"	97	67	13	202	31	101	29	117	49	100	145	108	133	27	77	59	43	72	30	27	77	63	253	21	179	230	21	23	19	132	28	37	256	61	90	10	90	141	36	100	69	88	75	157	107	162	21	16	54	79	116	76	46	49	77	92	118	225	149	189	50	15	35	131	88	25	101	29	10	285	99	181	33	64	35	79	117	30	88	63	104	35	130	52	144	9	33	86	107	15	64	117	62	52	34	75	140	29	29	133
"normal_spot63"	68	45	24	180	58	128	45	107	50	114	166	105	121	28	55	55	44	65	29	42	81	21	243	23	134	255	34	30	22	158	52	45	245	41	88	16	124	198	46	117	94	83	54	207	122	106	39	22	59	97	140	52	38	53	58	97	78	158	158	221	52	30	36	132	155	41	101	40	17	272	68	144	41	106	21	73	107	50	85	125	132	27	75	64	168	5	31	92	131	30	62	68	46	32	16	100	124	36	33	251
"normal_spot64"	126	92	26	152	99	138	21	147	53	116	204	140	138	31	100	40	51	69	28	31	88	42	286	37	140	254	30	20	21	170	41	60	213	46	109	6	117	225	41	124	100	75	104	167	131	145	20	14	59	105	113	70	44	68	61	88	92	241	192	283	49	27	54	129	206	31	97	34	10	321	138	195	37	71	26	120	154	45	86	95	128	60	184	49	200	24	43	112	184	17	59	111	77	41	40	126	170	65	38	250
"normal_spot65"	106	85	20	180	64	125	28	162	56	81	211	124	143	37	63	56	39	60	47	52	109	33	233	27	134	266	40	30	28	180	40	45	217	54	88	19	129	184	55	109	101	89	87	234	120	141	18	33	53	109	116	66	52	56	56	101	76	206	208	301	41	17	51	75	160	39	99	32	9	368	101	195	53	85	38	65	134	41	88	107	131	40	110	68	145	10	36	98	126	22	88	77	64	46	28	116	113	51	53	215
"normal_spot66"	98	62	28	181	79	111	30	125	42	122	200	109	114	32	76	58	47	61	36	40	89	52	252	15	134	216	34	24	25	168	44	66	226	34	121	22	113	208	22	96	82	93	97	189	94	166	22	12	51	119	123	71	45	73	44	91	95	283	178	257	63	22	43	147	114	21	123	55	6	313	102	172	44	100	16	91	114	36	71	98	126	38	117	79	183	8	32	103	86	22	72	94	49	56	34	124	152	44	13	200
"normal_spot67"	91	65	11	185	58	92	18	94	44	80	175	84	104	32	71	45	42	67	48	42	68	43	194	22	115	229	23	24	17	129	38	40	170	32	70	2	105	174	57	103	70	85	76	193	89	144	27	19	39	92	94	66	43	64	35	98	71	168	134	166	22	6	41	104	121	16	101	22	7	332	68	141	37	69	20	59	86	44	70	121	108	32	76	58	141	10	26	72	144	9	49	78	45	30	26	78	89	55	18	184
"normal_spot68"	83	77	24	155	83	121	26	115	54	95	180	135	143	20	61	68	49	99	34	37	89	63	258	13	109	202	20	27	27	178	66	44	237	56	112	9	114	183	49	100	73	77	113	158	121	131	25	19	38	92	104	58	54	42	61	102	70	200	195	184	27	37	43	136	122	13	80	31	8	325	130	198	45	88	22	92	112	44	125	90	120	27	92	93	183	11	28	82	121	23	72	109	52	31	29	96	101	48	26	256
"normal_spot69"	104	67	37	188	87	137	28	90	45	93	204	94	135	20	54	55	33	78	40	54	72	37	240	25	149	237	42	31	26	153	47	35	271	28	121	15	123	230	71	109	78	102	60	193	126	104	16	26	47	65	145	72	60	45	54	84	91	200	165	263	50	34	24	134	127	38	62	54	13	281	110	169	55	73	35	97	121	39	84	77	122	36	103	37	164	17	25	90	124	26	66	99	58	29	26	89	125	75	28	231
"normal_spot70"	120	71	13	167	74	91	19	110	43	125	223	186	145	25	53	40	28	52	34	36	101	25	185	17	124	232	40	20	26	218	36	30	228	39	120	7	112	202	46	106	72	86	111	201	146	159	15	11	51	133	174	54	80	57	50	133	77	152	155	240	38	13	41	127	139	25	88	46	22	226	98	234	60	97	29	64	99	29	93	95	118	41	109	51	196	24	24	80	145	12	56	126	38	71	25	160	122	31	38	246
"normal_spot71"	100	57	28	162	47	113	48	99	53	85	190	125	120	27	59	55	35	43	39	38	80	43	303	11	114	195	35	15	20	185	67	47	202	46	83	18	102	155	31	110	56	61	73	215	147	127	22	20	38	131	127	64	38	42	62	107	74	222	171	229	42	19	18	92	127	25	86	59	11	352	95	174	41	86	20	49	97	56	71	120	126	27	115	71	127	13	34	83	115	16	79	96	32	50	20	117	100	111	18	179
"normal_spot72"	126	73	12	161	83	106	24	115	67	69	175	121	79	28	67	42	29	77	28	40	79	46	205	23	136	210	52	24	17	139	39	42	237	27	67	17	93	144	26	110	69	70	68	185	101	125	32	14	62	91	148	56	30	45	48	85	76	133	138	262	34	33	35	96	173	39	78	23	7	288	61	224	16	76	22	81	98	39	66	96	99	45	102	45	122	12	18	86	73	27	76	94	51	55	26	118	117	103	23	166
"normal_spot73"	103	70	22	175	45	95	45	138	56	95	148	123	112	36	89	38	41	56	36	34	115	50	221	14	154	186	45	19	17	182	44	63	199	74	98	15	111	140	51	112	83	73	117	193	140	135	28	12	81	124	95	57	41	63	56	112	74	192	171	255	30	30	45	131	181	21	117	28	14	235	112	205	16	89	19	96	124	33	73	91	129	12	78	54	134	21	30	73	86	21	50	140	40	57	23	93	170	48	20	166
"normal_spot74"	89	55	13	188	68	152	43	103	53	90	190	128	127	42	83	55	44	63	47	38	119	43	256	24	140	233	30	13	23	179	30	75	194	59	121	11	93	195	45	72	92	73	94	198	104	156	23	15	82	122	115	49	42	46	57	90	70	249	141	277	27	23	49	124	149	20	87	34	18	299	96	215	36	85	14	84	144	41	87	102	131	33	100	86	164	16	21	101	139	17	66	115	93	59	36	127	156	49	32	220
"normal_spot75"	107	72	22	165	63	117	31	100	24	98	195	116	95	22	65	56	49	57	24	32	80	45	244	18	140	263	33	24	19	149	48	70	245	41	140	10	108	180	55	101	77	93	73	156	141	110	15	12	49	82	95	49	66	32	44	63	85	237	181	240	40	8	42	133	151	43	102	23	9	266	89	163	48	89	23	91	103	24	100	80	101	26	102	39	145	14	61	58	107	12	43	105	55	53	19	102	134	56	37	233
"normal_spot76"	93	77	37	198	89	117	36	124	76	102	181	139	125	29	75	58	49	48	41	28	77	46	267	12	162	248	28	23	20	192	57	40	211	41	66	29	105	246	53	78	79	56	84	178	123	99	35	25	70	96	168	64	82	78	65	74	92	204	152	295	38	23	53	146	133	31	80	30	11	283	71	178	29	97	24	67	107	48	67	81	127	46	101	61	135	11	46	93	135	26	80	139	52	49	45	91	154	60	22	177
"normal_spot77"	70	69	34	189	57	116	24	138	61	138	174	153	84	38	60	77	48	72	44	26	94	33	179	16	133	239	30	29	30	166	62	43	225	63	101	16	104	185	41	97	92	64	109	159	107	183	29	9	71	77	126	67	49	61	66	95	100	187	186	197	43	15	40	147	143	20	104	25	9	311	119	200	33	61	24	89	133	47	85	74	139	34	114	72	163	21	19	99	136	11	57	122	55	57	17	129	117	38	35	205
"normal_spot78"	73	66	24	164	56	118	23	89	45	87	169	120	114	25	71	51	52	53	27	25	100	60	227	9	105	217	24	22	16	136	33	42	196	45	73	17	89	152	42	68	95	69	77	147	101	108	29	20	35	81	118	58	39	57	55	102	57	170	131	243	34	16	46	95	144	21	84	17	3	272	67	148	39	78	33	65	111	50	106	91	73	35	112	66	102	10	23	51	130	22	59	89	61	49	21	67	80	65	34	173
"normal_spot79"	104	58	17	154	65	118	21	134	41	88	228	113	111	24	59	54	31	58	25	29	82	34	240	29	161	218	24	21	19	161	46	56	195	44	75	14	105	189	38	79	85	83	57	152	102	133	29	20	31	86	107	87	43	54	80	96	58	162	178	213	30	24	37	149	167	19	75	24	7	212	82	219	35	122	10	104	97	25	90	74	113	34	118	70	161	17	26	104	105	21	55	81	39	40	24	96	142	52	17	196
"normal_spot80"	99	46	18	149	68	128	31	125	57	91	210	129	98	20	83	44	39	50	43	50	72	44	242	15	169	240	27	25	23	177	40	32	256	53	96	7	119	181	59	109	93	88	104	180	114	130	19	10	53	109	119	81	44	49	64	118	76	179	132	260	41	34	28	100	135	24	96	31	10	353	71	237	30	116	18	109	94	52	78	89	124	34	110	40	206	9	23	107	123	10	67	97	50	59	23	129	125	56	27	207
"normal_spot81"	97	66	38	163	78	123	38	115	56	109	208	122	93	27	73	75	49	55	37	31	73	52	196	26	127	225	31	41	17	160	53	61	210	44	97	19	94	215	31	84	45	60	75	197	133	145	28	17	60	97	138	45	43	45	70	90	66	209	139	212	44	11	58	150	143	28	119	45	9	272	83	214	25	84	15	78	130	35	88	96	93	23	95	71	134	7	37	88	123	17	54	113	47	28	24	80	144	50	19	199
"normal_spot82"	122	59	20	128	86	131	28	115	49	111	157	112	101	28	106	38	41	80	35	43	75	41	227	12	133	171	29	25	33	158	49	47	212	24	108	21	109	194	57	97	69	70	66	165	119	153	22	9	89	83	104	61	55	77	42	103	64	171	188	241	50	22	37	160	162	27	108	33	10	316	82	178	39	119	25	60	129	23	69	76	112	37	95	83	120	10	27	98	139	14	79	133	79	30	24	100	165	47	28	231
"normal_spot83"	121	65	25	202	51	135	30	155	45	126	221	165	140	27	103	59	54	52	42	29	106	53	276	20	140	211	26	25	32	214	46	58	215	61	102	26	99	216	58	91	113	86	88	179	128	127	30	12	81	104	154	64	70	72	64	103	104	187	183	234	47	29	49	168	132	22	66	44	15	252	82	192	41	107	28	80	129	41	72	127	113	48	114	61	186	8	17	98	130	17	86	117	69	42	24	92	152	52	17	184
"normal_spot84"	103	52	24	174	83	102	37	114	48	94	166	146	120	53	83	45	29	65	41	20	96	29	240	25	162	224	44	24	17	159	44	50	214	55	97	20	114	174	54	92	100	71	99	200	120	132	42	13	69	82	150	51	46	56	80	147	81	159	154	199	41	21	56	116	199	33	78	30	10	286	97	176	51	91	19	60	118	33	115	96	131	29	73	66	180	9	17	100	181	17	62	75	45	57	54	121	151	62	33	197
"normal_spot85"	95	70	24	151	56	114	25	109	65	88	149	145	141	32	68	36	45	58	33	32	66	43	209	6	97	210	36	17	15	198	54	57	178	35	80	11	135	177	51	99	93	83	113	224	105	113	27	15	40	109	114	46	41	43	46	80	66	191	156	249	58	18	46	104	169	17	97	46	12	314	79	184	26	74	24	111	114	48	75	98	96	34	109	75	142	11	21	71	151	22	86	93	65	39	21	88	92	39	25	167
"normal_spot86"	119	40	31	171	85	124	48	148	62	103	214	195	126	38	65	53	52	73	48	40	87	41	243	19	102	270	30	21	28	211	74	37	219	38	96	22	121	205	44	117	101	99	107	214	140	209	24	9	72	110	136	75	34	47	56	101	93	183	207	210	34	19	28	144	137	17	103	31	7	368	100	213	35	102	28	84	126	52	84	92	111	43	90	91	166	22	22	131	166	31	58	124	54	37	43	113	143	59	52	229
"normal_spot87"	106	84	17	209	62	131	41	128	58	138	194	121	129	35	90	59	41	74	39	45	82	46	239	17	142	227	30	29	23	192	44	48	208	26	132	17	110	186	58	94	88	58	81	164	109	118	22	17	53	95	154	75	69	47	75	111	94	233	168	225	45	32	25	141	113	26	102	33	15	288	72	193	30	77	30	96	122	37	117	79	131	37	151	61	143	5	35	90	129	16	56	104	54	75	20	99	146	56	42	239
"normal_spot88"	76	57	19	177	40	118	31	111	53	77	181	100	96	34	74	51	44	34	48	40	93	37	220	8	166	225	31	19	23	151	34	46	273	38	111	19	100	168	36	120	91	76	120	180	97	107	19	5	35	69	135	64	53	55	55	99	84	142	120	253	40	17	42	98	131	24	90	44	5	248	101	186	37	103	9	91	150	30	79	92	102	22	79	58	160	14	20	104	139	26	58	98	50	35	30	133	122	43	22	170
"normal_spot89"	83	70	16	173	74	83	33	90	40	83	158	132	115	25	63	35	36	63	49	36	82	41	286	27	110	243	32	10	22	180	49	55	152	57	116	10	100	184	33	117	71	87	128	166	106	125	15	13	40	88	136	62	32	69	61	95	69	187	150	202	50	12	39	117	123	24	98	29	6	226	99	177	50	134	14	81	113	34	124	93	142	47	87	59	186	7	28	91	131	18	49	92	33	36	27	120	132	58	17	215
"normal_spot90"	95	50	39	162	52	116	21	145	46	93	161	116	103	36	78	49	41	57	38	29	88	51	272	23	146	228	23	17	15	136	39	64	230	42	97	12	117	160	44	80	81	76	88	168	104	140	30	27	33	81	137	50	37	39	61	116	100	185	145	219	44	27	36	135	170	24	85	23	11	301	56	209	30	69	24	99	136	44	100	92	111	48	100	79	158	14	44	89	148	17	75	105	58	84	26	107	151	70	15	197
"normal_spot91"	107	92	13	154	91	96	25	100	52	103	130	138	140	27	62	57	65	65	40	38	93	32	234	18	117	290	29	27	29	182	34	52	207	42	87	23	132	155	78	96	86	82	99	246	153	158	27	15	53	116	174	63	49	44	47	88	94	160	183	221	51	30	39	106	144	39	122	44	20	290	79	212	41	91	33	131	136	41	102	82	134	26	121	103	154	24	19	58	108	30	77	84	75	53	25	82	119	45	39	266
"normal_spot92"	80	63	47	144	89	114	30	110	47	111	165	98	91	22	62	59	44	50	27	35	88	49	266	21	89	199	37	25	23	163	40	22	271	53	105	26	114	142	51	105	76	60	76	199	82	123	17	10	29	92	145	62	52	52	45	95	90	171	150	187	36	19	29	115	100	9	98	32	18	293	79	159	22	88	21	104	112	27	74	98	105	31	96	60	151	12	5	59	105	16	47	87	43	39	24	120	100	34	22	204
"normal_spot93"	80	37	12	112	54	112	18	103	39	81	166	134	123	19	50	35	44	57	36	39	79	29	174	9	139	214	30	16	26	126	61	39	192	32	96	17	88	169	21	93	75	94	67	132	111	100	13	7	37	65	97	51	51	55	50	79	73	184	134	245	40	23	43	152	150	38	72	30	11	188	70	198	48	77	17	77	113	13	76	69	97	26	81	59	125	4	28	72	103	6	58	103	55	39	13	85	123	52	13	124
"normal_spot94"	77	71	13	182	87	86	25	114	50	104	219	161	131	45	97	50	37	76	30	37	76	20	262	18	113	250	35	21	38	161	37	47	176	45	85	3	112	147	36	93	81	94	89	169	106	173	29	19	33	97	149	70	41	57	54	95	58	162	158	219	43	18	38	73	173	19	59	29	7	342	85	217	37	96	24	110	123	48	60	87	117	39	94	84	125	6	20	97	197	18	62	73	78	68	33	130	122	62	50	233
"normal_spot95"	101	65	30	152	63	110	34	118	59	99	132	103	90	32	58	46	53	67	32	26	89	37	228	17	160	203	17	21	24	234	38	55	200	37	89	18	103	194	30	93	107	53	119	166	116	154	19	18	43	59	105	46	39	44	56	84	76	225	139	213	38	18	39	113	123	17	107	49	5	270	95	141	29	59	20	84	125	33	87	68	140	23	85	77	152	16	31	99	170	24	50	84	46	38	28	111	140	45	31	197
"normal_spot96"	90	65	26	159	60	112	19	107	59	73	144	88	113	21	78	37	37	56	25	39	91	39	213	14	136	181	20	36	24	114	35	56	200	42	126	15	105	192	43	95	89	75	94	177	111	120	28	13	45	84	112	60	51	54	52	70	96	192	182	238	43	30	27	154	143	14	123	37	10	241	92	218	25	87	23	60	136	24	96	83	96	34	115	74	166	13	73	91	125	12	82	106	46	47	18	92	151	56	15	204
"normal_spot97"	98	75	27	170	82	125	42	108	28	94	194	128	131	46	62	66	51	85	59	33	97	40	258	10	109	247	28	20	21	191	70	47	212	36	108	7	166	128	68	104	100	103	111	149	138	110	25	6	71	85	145	59	52	48	69	114	57	234	188	189	72	40	29	99	135	37	139	46	24	378	82	196	33	109	23	93	103	33	70	108	127	25	83	63	183	31	32	97	151	17	63	108	43	49	16	86	113	86	23	232
"normal_spot98"	91	63	19	186	64	108	16	125	52	79	182	133	127	24	54	37	54	45	53	21	98	49	226	13	105	200	32	17	16	148	28	56	196	49	105	15	84	164	43	114	71	94	98	200	134	105	29	17	60	103	106	69	49	60	56	78	82	250	158	212	24	12	42	96	125	33	95	28	11	286	120	171	39	80	15	79	118	32	120	101	114	26	107	63	163	14	37	73	142	19	51	119	46	40	16	125	138	39	28	155
"normal_spot99"	99	69	37	203	99	132	25	125	53	98	151	115	154	21	65	45	44	43	42	35	110	42	296	11	159	208	50	24	36	183	47	45	287	48	114	21	103	233	56	118	85	92	108	214	119	119	26	17	42	97	91	64	54	89	73	99	90	260	170	339	44	10	44	116	189	37	91	43	14	311	83	234	49	100	29	81	139	41	131	118	139	31	91	71	142	12	40	89	112	10	99	152	55	64	34	110	147	66	35	233
"normal_spot100"	110	59	18	165	80	90	30	118	50	87	166	94	153	20	50	41	43	44	46	36	92	33	190	21	126	209	31	22	21	190	59	55	230	44	82	14	107	166	44	82	85	67	67	139	134	124	27	11	56	81	132	47	49	61	95	97	75	233	143	171	24	14	25	117	120	11	86	44	17	274	70	175	43	102	21	102	127	35	102	116	109	29	91	61	182	21	12	84	120	22	58	84	47	55	25	161	123	61	29	195
"normal_spot101"	77	41	10	142	55	110	24	113	31	75	143	115	120	47	86	39	36	85	31	37	94	50	238	11	138	291	27	16	27	160	31	40	255	40	97	10	108	189	50	108	60	77	95	199	89	82	41	34	60	69	147	47	48	54	29	93	72	168	159	236	49	24	33	144	152	27	83	35	8	279	79	163	45	117	18	85	138	27	74	84	88	24	92	58	122	25	33	87	154	17	75	98	74	34	17	91	164	42	24	198
"normal_spot102"	96	41	29	168	72	100	40	117	55	94	206	147	119	37	63	46	55	73	39	22	100	28	236	27	122	234	23	32	32	124	57	34	203	29	75	13	125	156	37	94	93	86	86	188	121	102	17	11	43	89	121	68	26	48	75	97	106	151	152	227	41	27	31	96	125	37	86	36	6	271	93	210	39	99	20	77	112	40	80	80	105	40	98	59	204	10	40	83	79	20	73	73	78	61	28	115	105	76	18	220
"normal_spot103"	111	69	13	182	84	114	32	129	36	110	178	123	124	35	78	40	75	59	34	45	97	43	258	34	124	267	16	17	28	177	33	42	252	34	120	17	140	175	53	118	71	87	95	207	125	149	26	26	44	85	127	58	80	64	50	95	79	201	190	190	44	20	42	117	138	17	78	40	2	364	112	227	45	78	27	96	83	30	88	100	134	22	123	49	185	19	29	90	172	17	66	87	66	38	37	78	133	58	39	234
"normal_spot104"	97	39	27	116	75	92	14	92	75	79	151	128	130	15	63	43	40	47	28	42	97	23	207	13	136	264	20	33	24	217	37	38	237	33	92	4	74	179	33	102	70	64	69	209	107	121	20	12	53	79	126	75	41	34	66	111	68	151	151	245	57	29	35	127	175	29	47	26	9	233	57	205	47	96	23	71	109	49	62	89	99	31	99	65	177	9	24	85	106	23	57	90	43	35	31	103	147	45	31	200
"normal_spot105"	86	73	20	155	53	128	24	104	52	137	163	89	117	26	64	43	29	64	39	38	85	47	214	9	156	221	25	30	21	150	39	31	210	32	139	31	129	185	60	96	88	95	92	211	122	129	18	10	64	83	80	45	37	48	42	84	75	192	141	254	34	15	47	154	141	35	75	50	10	264	122	213	41	72	27	83	93	21	96	92	112	14	107	57	143	15	47	99	152	8	81	107	56	95	30	82	113	17	33	178
"normal_spot106"	84	47	23	146	84	138	41	137	26	105	190	99	113	29	79	75	31	35	24	34	77	25	221	16	170	165	36	20	13	187	31	49	265	46	103	7	104	203	42	70	91	95	65	213	103	112	15	29	56	84	147	68	52	41	69	92	75	184	158	247	44	22	36	113	167	19	86	52	10	248	72	193	55	113	40	102	118	32	89	88	66	41	105	82	138	12	43	101	113	22	63	92	93	38	34	125	143	24	19	197
"normal_spot107"	80	50	19	178	60	164	57	146	47	107	149	112	129	31	73	30	41	71	64	59	87	48	223	21	204	238	23	28	24	105	50	41	239	32	84	12	110	232	66	98	81	91	88	189	121	114	24	6	38	64	136	77	52	56	55	101	64	186	199	239	35	25	40	112	137	28	105	41	4	349	118	176	43	117	12	101	111	58	57	115	138	32	126	51	182	10	19	111	122	19	81	109	67	78	14	71	100	51	42	190
"normal_spot108"	88	53	28	190	71	142	26	133	30	122	172	92	135	29	81	55	49	58	34	25	77	44	231	20	127	225	27	20	28	177	43	34	249	44	109	16	90	206	43	97	64	76	80	163	103	117	27	21	55	79	133	55	38	48	63	110	63	247	140	231	44	7	37	134	147	12	89	32	5	313	119	168	35	111	30	78	111	24	68	89	95	53	118	74	168	18	47	97	133	17	55	119	41	30	26	90	158	40	39	170
"normal_spot109"	57	64	27	152	76	114	40	96	48	108	159	84	131	43	81	49	43	37	26	26	86	35	210	24	139	243	29	21	29	148	68	45	216	44	84	18	101	148	37	78	78	69	99	192	116	105	21	26	66	74	118	55	44	44	64	87	46	178	174	230	31	15	29	138	132	31	108	43	6	274	93	172	34	91	23	79	116	37	110	92	83	17	86	70	173	8	24	94	154	2	72	101	21	79	43	92	159	40	51	227
"normal_spot110"	90	59	15	163	76	109	36	118	75	117	201	158	86	39	64	59	49	99	32	23	123	44	191	13	116	272	27	16	33	186	50	49	214	32	119	14	128	181	55	116	75	64	106	213	123	134	16	29	49	100	130	83	79	61	52	97	76	197	138	217	33	20	39	155	152	31	113	35	11	276	96	214	33	102	14	64	114	44	72	105	136	25	107	56	155	12	32	89	154	17	58	119	61	56	25	126	139	73	24	200
"normal_spot111"	125	81	19	183	74	135	39	154	50	105	184	144	132	37	66	55	39	94	15	40	98	44	254	22	121	219	19	31	19	146	67	56	253	59	107	15	146	215	48	113	89	87	108	189	102	133	30	16	47	114	129	60	50	45	65	84	80	211	195	280	43	27	46	106	114	36	84	32	8	305	73	208	40	74	25	92	124	44	122	112	103	44	100	68	194	14	36	79	131	14	76	97	71	53	52	110	133	40	35	233
"normal_spot112"	67	46	17	175	82	105	31	98	31	122	157	126	116	29	68	30	45	59	32	59	81	49	229	19	184	198	36	24	18	157	35	58	244	50	108	20	119	158	47	83	86	71	122	157	105	163	18	13	42	115	176	69	33	40	55	96	76	234	130	262	34	17	30	104	134	20	70	42	11	259	74	228	24	81	20	102	119	36	78	105	143	36	109	60	159	18	45	74	129	32	50	111	57	57	30	108	144	37	30	221
"normal_spot113"	117	58	19	173	62	112	33	89	55	84	156	130	119	47	64	48	58	73	40	43	73	18	206	7	122	244	45	20	25	151	41	71	198	28	90	16	96	188	60	105	105	88	91	154	120	96	20	11	26	70	160	85	44	44	42	86	67	176	150	214	55	17	33	98	162	19	72	48	17	252	72	179	37	91	20	71	163	59	106	84	93	30	96	67	121	8	30	81	101	10	71	107	41	49	29	89	125	53	26	228
"normal_spot114"	115	60	18	159	68	124	32	155	44	108	169	111	101	30	72	58	42	64	46	30	78	38	230	33	157	228	22	30	39	129	61	49	239	37	135	17	108	227	42	97	84	66	78	194	109	100	21	13	52	68	94	46	37	39	66	85	49	252	151	237	48	27	38	141	144	37	86	30	15	241	66	258	32	78	16	79	132	45	62	85	98	29	96	63	148	6	30	77	170	10	55	121	50	22	19	84	123	45	41	211
"normal_spot115"	105	64	34	167	92	152	40	136	62	117	224	204	136	26	78	73	48	50	48	45	125	44	251	11	150	264	40	26	20	186	59	58	323	43	101	6	132	232	56	118	103	85	87	206	148	109	26	12	75	78	149	69	53	71	53	98	100	211	192	300	60	19	50	147	189	29	106	48	1	344	103	220	50	149	23	107	131	53	97	99	121	52	94	86	155	14	32	109	156	30	60	96	73	53	37	78	171	55	50	280
"normal_spot116"	95	51	33	169	84	159	37	108	63	124	168	102	111	25	82	56	40	57	49	29	76	66	249	14	142	195	22	17	18	203	38	52	238	34	75	19	93	207	56	101	100	86	95	157	168	134	14	9	57	88	142	69	38	51	78	69	119	178	189	279	41	30	32	148	130	20	112	33	11	329	93	197	28	130	38	84	135	41	89	112	102	41	139	60	98	26	20	112	116	16	60	119	42	52	33	96	132	35	30	188
"normal_spot117"	115	60	16	196	64	122	34	89	58	85	144	105	129	34	79	45	31	68	39	20	84	33	268	4	181	219	25	13	21	226	46	42	192	48	110	11	85	146	27	97	76	78	105	225	106	144	35	12	41	99	115	57	30	47	82	84	85	199	196	198	41	12	29	143	108	22	97	48	5	306	90	187	24	72	25	76	107	38	71	105	93	37	57	79	141	23	21	104	100	32	46	86	40	55	21	95	181	42	23	215
"normal_spot118"	142	71	16	184	72	94	23	92	57	76	189	125	133	28	62	53	54	63	38	23	103	46	237	16	111	196	22	20	25	192	30	44	182	35	100	9	103	140	47	109	90	54	114	189	114	171	24	11	47	115	86	58	59	62	58	94	81	196	178	183	36	23	46	96	126	24	128	47	12	258	88	135	50	99	29	76	122	36	105	91	77	22	145	62	131	24	23	93	147	13	53	122	61	51	32	76	105	53	23	177
"normal_spot119"	117	63	30	123	78	136	40	131	61	106	176	112	155	21	105	46	38	58	52	39	108	46	200	17	142	223	31	13	27	206	62	50	245	45	111	21	147	173	45	95	88	87	83	243	97	177	23	29	81	109	134	54	56	61	54	99	64	253	139	224	51	18	33	144	122	21	97	45	28	297	100	225	34	98	18	99	138	51	115	132	112	31	105	69	157	36	35	95	96	27	75	113	59	52	32	111	203	29	30	159
"normal_spot120"	70	67	27	162	52	125	45	148	58	85	187	117	90	34	76	75	50	34	65	38	108	74	245	25	151	150	19	19	16	159	73	52	265	46	84	30	88	150	27	88	81	73	61	169	122	127	24	14	74	121	62	72	56	76	49	50	66	186	139	280	43	12	46	120	112	30	77	20	22	312	80	229	24	81	15	92	122	30	105	92	109	48	107	83	150	16	48	121	170	18	78	90	63	22	32	109	151	39	44	155
"normal_spot121"	88	68	12	135	73	108	40	161	53	99	142	69	95	31	73	58	40	60	25	29	92	34	239	16	118	216	25	23	38	182	68	43	238	36	82	8	85	187	33	76	64	92	85	194	96	116	37	14	53	114	99	46	39	37	60	82	62	150	165	218	49	21	50	118	167	14	87	49	20	199	50	134	33	59	44	86	108	27	77	77	75	20	102	80	134	7	13	102	119	16	48	99	70	38	32	88	123	27	26	159
"normal_spot122"	79	42	23	172	51	85	13	142	40	80	191	122	122	24	79	40	38	42	36	35	77	47	202	19	130	185	22	14	25	142	50	40	207	40	66	24	101	147	31	72	93	76	93	169	111	122	30	11	54	111	110	62	48	55	54	83	94	195	139	238	46	17	39	120	96	24	51	15	14	292	83	188	18	61	24	61	106	29	95	87	103	21	102	70	144	14	32	80	122	17	49	77	63	33	18	109	101	31	24	149
"normal_spot123"	111	51	32	176	76	127	30	104	54	116	174	111	131	45	98	63	45	79	31	33	100	45	332	17	140	242	39	26	21	142	37	47	236	50	102	19	110	203	54	141	86	83	97	168	169	165	23	22	69	89	94	84	49	42	67	89	75	222	182	237	49	26	40	142	155	21	111	52	5	229	108	206	39	134	31	100	128	32	122	101	137	43	127	68	131	16	48	86	112	15	63	126	60	33	32	110	169	35	32	231
"normal_spot124"	84	66	16	151	83	105	26	127	54	133	166	119	125	35	49	57	41	75	49	32	80	42	208	9	106	251	33	20	25	170	48	33	194	43	84	6	88	180	37	122	127	108	82	175	131	140	29	4	40	92	121	56	44	51	54	96	76	210	149	191	43	22	28	151	133	29	77	45	5	242	110	195	45	94	18	56	103	26	100	95	100	32	77	40	142	22	16	89	170	21	57	86	50	43	23	101	124	70	37	221
"normal_spot125"	120	93	24	188	82	136	44	92	43	91	166	122	87	31	68	55	40	67	39	48	74	33	213	20	166	237	42	24	27	121	44	42	225	45	102	8	101	180	55	94	89	60	103	161	96	96	19	19	39	82	112	81	51	71	42	79	90	194	139	235	33	21	29	119	152	36	113	27	6	237	91	150	32	83	13	62	105	30	87	72	159	33	98	45	129	6	49	75	142	9	69	130	54	30	29	130	122	79	31	182
"normal_spot126"	116	83	19	167	79	90	26	131	62	121	183	150	123	23	73	57	55	71	53	14	92	39	326	12	96	264	41	51	21	148	51	38	194	43	111	25	128	184	48	78	94	80	83	191	129	113	14	15	54	73	166	59	68	71	78	104	58	227	183	208	44	35	45	139	118	30	118	25	10	339	72	197	50	96	17	95	108	26	106	109	151	40	85	81	168	22	28	94	131	18	70	85	64	41	37	134	138	66	46	191
"normal_spot127"	96	66	36	139	50	126	35	164	43	105	157	134	122	39	48	44	38	59	32	33	84	36	214	17	121	228	20	25	17	127	49	35	230	64	98	46	106	187	43	151	79	68	122	166	133	152	21	11	48	89	133	63	33	56	53	103	66	185	173	237	36	10	33	135	168	26	62	37	16	334	72	190	51	106	25	109	105	38	70	84	115	37	99	87	148	14	29	140	106	16	52	98	41	30	29	98	149	38	27	193
"normal_spot128"	105	87	31	182	71	128	21	146	67	89	179	125	93	28	88	61	39	90	24	27	104	50	239	31	133	223	31	18	35	174	40	48	240	36	113	16	113	176	38	100	106	95	114	207	155	140	33	12	41	83	150	62	45	45	59	88	85	191	152	294	57	21	36	165	139	21	77	28	10	293	103	249	39	112	26	83	141	35	91	83	135	36	137	75	160	23	39	108	99	17	63	114	46	45	27	111	128	54	31	239
"normal_spot129"	118	33	26	138	44	118	22	132	44	84	174	105	122	26	88	52	38	59	35	29	98	67	236	12	133	217	38	14	18	144	36	74	231	31	101	21	114	166	44	115	84	78	84	176	126	139	41	9	44	81	116	66	39	34	65	95	57	207	178	224	45	28	33	147	130	31	78	28	9	347	57	227	33	94	23	86	117	44	127	93	132	33	114	67	160	17	34	71	91	13	65	79	41	53	30	113	152	36	19	202
"normal_spot130"	116	76	31	126	57	137	38	83	41	91	168	140	75	21	68	46	47	72	31	27	72	37	221	9	92	217	35	28	24	159	49	59	183	31	102	20	85	156	36	126	90	65	98	161	100	138	15	4	64	84	127	52	30	46	48	97	44	142	173	240	40	21	35	124	120	26	99	38	5	329	100	174	15	59	28	89	127	33	70	90	103	31	113	96	140	24	38	66	133	16	48	127	39	48	19	110	119	44	27	212
"normal_spot131"	77	54	26	199	95	109	31	141	45	109	170	137	96	43	86	51	57	59	43	29	113	57	236	15	137	249	37	27	17	215	63	47	210	60	125	31	101	209	34	125	98	81	109	202	152	149	28	17	84	136	125	44	49	82	76	93	67	237	170	306	38	14	35	140	178	10	89	32	18	356	78	231	68	124	38	99	126	35	120	153	125	35	102	98	160	16	19	96	116	28	66	103	53	49	23	131	162	57	16	251
"normal_spot132"	81	58	29	146	60	114	60	126	48	92	158	125	109	31	93	51	50	66	43	29	94	42	230	32	110	224	27	16	23	91	48	54	206	32	104	6	120	188	57	92	82	58	87	175	114	118	20	6	61	72	124	45	37	45	45	83	58	191	190	250	38	23	33	148	112	20	75	36	6	273	112	242	26	77	25	72	72	30	88	99	157	45	96	52	174	14	34	65	96	37	68	116	50	83	28	75	115	42	30	169
"normal_spot133"	72	75	17	183	91	87	30	80	38	76	147	139	122	24	75	44	28	97	30	30	70	22	254	5	93	219	26	23	20	132	73	40	237	32	110	6	91	144	36	74	64	94	81	167	87	125	17	16	51	98	111	39	31	51	51	100	56	164	126	215	35	34	23	118	161	22	103	31	6	348	147	223	43	82	27	71	110	40	39	99	107	37	94	47	170	17	19	103	131	15	59	77	31	46	37	92	111	50	39	162
"normal_spot134"	104	55	16	159	82	93	41	134	60	113	206	116	125	33	88	37	46	74	35	39	89	49	283	27	126	266	27	13	35	191	48	57	277	52	127	22	125	187	45	120	91	88	100	225	111	134	41	23	75	99	174	56	31	64	66	137	84	134	144	225	61	25	41	166	179	43	72	35	10	366	120	232	74	108	31	110	127	42	84	97	160	27	147	69	182	24	60	80	187	27	65	86	55	32	41	113	140	69	24	278
"normal_spot135"	83	49	26	161	80	115	32	132	37	102	174	88	81	20	74	59	36	44	22	40	84	39	233	26	113	202	34	20	24	197	51	48	212	45	74	26	75	215	35	89	74	78	62	201	84	139	44	32	54	82	180	69	41	58	71	86	76	131	133	213	21	21	41	138	88	13	72	42	20	273	73	193	30	74	21	94	111	32	74	106	119	40	96	61	150	16	31	76	109	11	64	87	99	29	20	112	105	40	31	225
"normal_spot136"	89	65	28	160	45	111	25	81	43	85	127	100	106	17	75	55	37	40	37	19	77	33	171	6	131	144	44	15	26	150	28	44	203	26	89	7	83	129	32	93	85	68	82	153	132	74	19	12	38	87	100	44	42	50	30	97	71	153	127	284	32	13	23	101	94	29	83	23	7	225	64	182	27	82	12	75	96	28	74	73	71	26	89	43	116	16	23	98	119	13	75	100	51	29	22	86	106	91	30	152
"normal_spot137"	85	76	25	135	72	95	37	115	63	100	172	119	139	27	84	48	41	50	43	33	84	37	183	10	120	233	35	16	13	150	52	50	206	34	84	30	124	157	37	56	63	68	107	178	106	104	27	21	54	99	127	51	52	64	49	98	72	224	161	202	46	32	18	117	120	17	87	45	11	303	53	181	45	86	28	72	101	37	82	97	89	31	123	72	131	19	30	105	95	24	43	72	53	42	29	112	117	42	40	189
"normal_spot138"	102	69	28	199	80	153	31	102	47	113	183	113	111	50	61	49	66	62	43	19	105	45	229	15	146	228	30	21	26	159	48	31	205	57	132	13	108	182	37	99	99	69	84	180	101	149	27	10	54	73	109	68	46	69	62	117	83	248	201	211	44	37	41	122	157	18	83	37	15	329	109	200	32	85	28	73	123	24	95	99	111	19	109	61	174	24	35	77	150	32	50	113	69	44	32	121	155	50	31	153
"normal_spot139"	94	67	14	197	66	127	17	131	62	112	180	109	116	18	56	43	52	42	45	29	104	47	272	11	181	231	32	14	27	170	52	62	277	37	103	12	163	231	45	120	68	84	76	181	152	146	26	14	76	114	148	66	39	56	55	115	86	210	160	281	45	35	40	154	231	31	105	40	21	309	74	195	35	74	37	148	160	47	102	80	105	49	131	87	172	19	15	110	138	12	52	104	59	42	30	103	179	45	14	190
"normal_spot140"	120	53	33	173	71	149	56	125	56	94	175	145	101	38	66	46	44	54	44	32	87	67	234	16	97	231	35	6	16	210	66	66	214	52	78	11	111	153	38	97	72	80	98	193	122	158	28	14	84	106	132	63	42	49	59	96	68	210	143	272	50	24	48	123	165	26	122	44	9	293	92	187	28	87	24	125	125	45	70	132	157	49	116	74	167	9	17	72	130	11	66	117	64	58	21	112	186	47	25	262
"normal_spot141"	83	62	18	165	72	142	23	123	40	97	160	114	102	30	60	41	25	24	31	32	87	45	189	20	136	171	14	14	28	142	36	56	236	52	83	17	82	184	29	81	80	72	72	146	76	103	21	28	48	68	117	60	47	49	28	98	84	207	121	253	39	21	24	100	122	19	64	27	9	272	96	198	38	114	13	60	113	23	66	97	103	37	105	43	113	10	37	96	122	11	77	127	51	47	22	87	112	50	37	132
"normal_spot142"	83	48	16	137	76	122	15	97	42	118	159	102	122	38	73	55	53	74	27	31	96	31	233	22	133	225	37	21	21	206	40	60	223	29	110	6	108	163	65	80	71	82	78	139	100	90	18	13	52	86	142	52	28	65	54	107	97	158	183	233	40	20	31	107	171	33	75	28	9	266	80	190	31	71	10	75	126	36	98	98	125	50	80	57	168	7	39	75	136	4	63	94	63	38	34	104	95	40	37	174
"normal_spot143"	113	61	35	171	82	150	35	110	47	102	221	116	109	35	83	53	56	55	54	44	78	42	242	21	186	217	27	31	18	157	44	39	264	40	123	9	107	218	59	119	84	101	103	166	159	162	21	14	47	105	165	55	43	55	83	82	98	188	151	249	55	28	55	128	230	20	116	30	10	256	81	255	31	110	16	111	119	38	80	115	155	25	132	60	126	19	43	123	133	15	71	148	76	50	33	112	154	37	28	224
"normal_spot144"	106	42	16	151	96	119	35	137	53	75	200	128	129	19	91	31	46	87	35	30	109	29	194	11	91	208	44	19	26	139	53	30	211	43	108	16	98	145	69	104	95	72	92	165	133	137	25	16	32	101	151	64	43	39	50	97	57	161	151	161	37	24	30	108	93	44	102	51	17	253	98	221	48	106	25	71	142	25	71	97	116	24	120	52	190	17	45	74	155	20	61	80	79	32	32	98	97	49	27	189
"normal_spot145"	105	58	44	166	61	104	13	110	38	93	159	118	124	23	39	50	60	79	24	40	78	35	246	20	131	208	42	15	23	131	48	37	251	20	103	15	108	210	42	115	79	63	80	121	124	98	18	9	48	48	75	55	44	30	63	116	61	208	176	252	52	25	40	153	177	29	90	48	5	237	80	170	39	73	38	70	111	48	90	78	86	18	101	65	150	4	15	67	83	13	53	65	58	44	54	93	101	37	37	195
"normal_spot146"	86	84	28	160	65	102	30	133	56	98	222	99	111	27	97	62	39	43	28	39	87	39	230	22	111	237	25	16	25	95	51	49	196	32	66	17	97	178	37	112	58	78	71	227	83	185	39	18	40	87	153	54	35	45	41	78	71	156	134	236	44	28	49	116	140	29	101	45	10	275	68	178	44	84	23	71	127	18	90	83	121	42	105	74	134	14	26	86	165	17	76	89	50	60	25	128	120	52	44	174
"normal_spot147"	96	55	26	136	99	110	52	110	46	141	225	97	109	35	93	42	50	57	27	46	103	54	241	34	137	221	45	49	20	142	44	48	219	40	105	30	131	186	59	125	93	77	85	172	123	111	37	10	87	96	108	74	44	45	58	101	71	219	157	247	34	23	49	108	132	10	75	25	7	254	64	239	39	93	27	80	172	28	83	105	136	50	124	83	153	16	39	88	100	18	66	95	57	50	19	97	145	57	10	236
"normal_spot148"	74	53	24	170	72	104	20	119	44	79	193	141	114	18	64	50	38	36	30	28	92	58	233	20	92	216	23	22	34	182	27	39	196	68	88	17	90	178	34	117	86	66	80	191	107	129	29	21	56	66	102	60	39	53	47	101	53	177	165	202	53	21	18	105	83	28	61	35	12	286	71	181	33	94	30	68	97	39	92	102	104	25	95	45	132	11	40	87	132	17	61	85	27	54	23	105	122	43	34	212
"normal_spot149"	99	51	29	199	85	137	34	167	62	85	213	156	110	23	66	66	40	66	46	48	87	35	257	18	145	212	28	22	24	181	49	38	269	44	88	29	108	194	59	98	82	71	91	170	100	138	52	14	56	120	149	78	40	55	61	117	79	236	206	234	37	22	46	165	111	27	86	30	13	262	90	175	42	103	22	137	126	20	56	91	145	47	118	77	160	19	19	85	118	20	75	89	78	50	25	128	139	69	28	231
"normal_spot150"	92	71	24	175	56	110	38	115	44	119	197	132	159	44	58	51	46	86	27	42	120	28	210	19	73	257	41	22	24	172	64	59	236	40	90	11	108	140	30	94	100	89	103	169	108	135	28	9	54	102	142	72	29	45	63	98	93	208	188	243	46	14	47	133	122	19	65	45	7	307	90	211	31	70	19	66	185	52	76	90	95	33	121	80	153	28	50	80	91	17	66	95	72	67	21	114	136	67	32	218
